pickup_x,pickup_y,dropoff_x,dropoff_y,pickup_sec
10,12,10,12,82438
16,7,11,14,69716
10,12,10,13,36556
9,11,9,11,81520
9,11,9,13,72539
10,13,11,14,23848
10,13,9,13,52860
9,12,9,10,68520
10,13,9,12,45440
13,13,9,10,65659
9,11,8,10,36152
9,12,9,12,72798
9,12,10,13,52885
10,13,10,13,43377
9,10,11,8,76955
10,12,10,13,60026
9,11,9,8,55838
10,11,11,8,69521
10,13,10,12,63396
10,13,10,13,47371
9,12,16,7,21166
10,12,10,13,58239
8,10,9,12,82177
10,13,10,12,35427
10,13,11,14,73666
10,13,10,13,69802
11,13,9,11,73377
9,11,9,11,26569
9,12,9,13,45185
10,13,10,12,27799
8,11,9,11,54426
9,11,10,12,64382
10,14,10,12,26079
16,7,11,12,27881
10,12,9,11,56206
11,14,11,14,62991
10,13,9,12,60988
9,12,9,11,55515
9,11,9,13,8157
10,12,9,12,55987
9,12,9,10,85147
10,12,10,12,32150
9,11,9,11,15514
10,14,11,15,655
9,12,11,9,81018
10,13,10,13,45082
9,13,9,13,25185
9,11,9,11,45920
11,13,10,12,38175
9,12,10,12,76067
9,10,9,11,81757
10,13,10,13,16889
9,12,13,13,50815
10,12,10,13,56397
16,7,16,10,48265
13,13,9,12,30354
10,12,11,13,41268
10,12,10,12,70047
9,13,10,13,65632
10,14,10,13,38219
10,13,10,12,72727
10,12,9,12,67783
16,7,10,13,59275
10,13,10,12,30761
9,12,9,12,55678
10,13,9,12,37595
9,12,9,12,74952
9,13,9,13,48835
13,13,10,13,35718
10,13,10,13,42455
9,12,10,14,53372
9,11,9,11,9505
16,7,9,12,39544
10,12,10,11,59112
10,11,11,17,81069
10,13,10,13,56570
9,13,11,14,78626
9,10,9,9,68491
10,13,10,13,33073
9,11,10,12,83828
9,12,9,12,67035
9,12,9,11,61869
10,13,10,13,59274
10,12,9,12,41704
9,11,11,13,78083
10,13,10,14,60836
9,12,9,12,51639
10,13,9,13,30703
10,13,10,12,71823
9,10,10,11,45462
9,12,9,12,70330
16,7,10,6,24165
9,12,11,14,38601
16,7,9,10,45292
9,11,9,12,68772
9,13,9,12,64230
9,11,9,9,70627
10,13,11,13,71463
10,13,10,9,47662
10,13,9,10,49084
11,13,10,13,2371
10,12,10,13,50400
9,12,10,14,80166
8,10,9,11,59126
10,13,10,13,39889
10,13,10,13,62888
11,14,10,11,80753
10,12,10,11,69184
9,12,9,12,54000
9,13,9,13,61443
10,14,11,14,46432
9,11,8,10,11220
10,13,8,10,55519
10,12,10,13,35503
10,12,10,12,51926
10,12,9,12,27026
9,12,9,10,1591
9,12,9,11,38043
10,11,16,7,63085
9,11,9,12,33556
10,13,10,14,72986
10,13,10,12,75795
9,11,9,12,80472
11,13,10,13,32019
9,12,10,12,70386
9,11,9,12,44432
10,11,10,13,57618
9,9,8,10,46434
9,12,10,13,64414
10,14,9,11,46536
9,12,8,10,48059
9,11,10,12,19802
9,12,9,12,44052
10,11,10,12,48319
9,11,10,13,29875
10,13,10,11,69472
10,12,10,13,65643
9,11,9,11,74612
9,13,9,12,47223
16,7,14,11,35801
10,13,10,12,60860
11,13,10,13,73064
10,15,11,14,53940
9,12,9,12,85029
10,13,9,13,50160
16,7,10,5,77960
11,13,10,13,26108
9,11,9,12,81467
10,13,10,14,56414
10,13,9,10,69164
9,12,9,12,84629
9,11,10,11,64589
16,7,9,12,48399
11,14,9,11,25760
11,13,9,11,23485
9,12,10,14,67151
10,13,9,13,71213
10,13,10,13,52856
10,12,10,12,35336
9,12,9,13,77407
9,11,10,11,29293
10,12,10,12,78379
9,11,10,10,1749
9,12,16,7,72749
9,12,10,14,68226
10,13,10,13,50914
10,12,9,11,65058
10,15,10,14,54149
16,7,9,12,66854
9,12,9,12,63496
9,12,9,12,67428
9,12,9,12,42545
9,11,10,13,78292
10,13,10,13,33369
10,12,9,11,48926
9,11,9,12,38954
9,12,11,15,3854
9,13,10,12,32229
9,11,10,12,35076
9,11,9,12,59020
9,12,10,15,71765
9,13,9,12,59369
10,12,10,13,78466
9,11,10,11,62368
10,12,9,11,46952
16,7,11,9,75979
10,13,10,12,71465
12,13,11,14,32816
10,13,11,13,43277
10,13,11,13,50533
9,12,9,11,57377
10,12,10,12,46365
9,13,10,14,27958
13,13,9,12,58117
10,13,10,12,60512
10,14,10,13,64792
8,10,9,12,41792
11,13,11,14,48628
9,12,9,11,70590
9,11,9,11,73366
16,7,9,12,53615
16,7,9,11,2173
10,12,10,13,43622
10,12,10,12,38778
9,12,10,10,7952
16,7,11,14,59478
10,12,9,12,66201
9,12,10,12,64266
8,10,10,12,72442
10,12,10,12,42511
9,12,9,12,60073
10,12,11,12,64259
13,13,9,13,280
10,14,10,12,75062
9,12,9,13,82694
9,12,11,13,60710
9,11,8,11,6785
13,12,10,10,45244
10,13,10,14,38591
10,12,9,11,41044
9,12,9,11,55977
10,11,9,11,69051
9,11,8,11,83007
10,12,10,12,44511
8,10,10,13,84619
9,10,9,10,82991
9,12,10,13,62418
9,11,10,13,42397
8,10,9,11,723
9,12,10,13,84905
9,11,9,11,1998
10,14,10,15,61346
9,11,9,11,71958
9,10,9,11,59772
10,14,9,12,33003
10,13,10,13,85659
10,13,10,13,31030
9,13,10,14,57736
10,12,10,13,81854
10,12,10,13,76410
8,10,9,11,50171
9,12,9,11,11093
13,13,10,13,70285
10,13,9,11,48185
9,13,10,14,58510
13,13,14,12,84647
10,12,9,11,72940
10,14,10,13,65689
9,11,13,13,29902
9,12,10,13,35532
9,13,9,12,77877
9,12,10,12,77663
9,11,9,10,74400
10,12,10,12,70927
8,11,9,12,215
8,10,9,12,60701
10,12,9,12,47356
9,11,9,11,66819
10,13,9,12,47002
9,12,11,14,61355
13,13,12,13,46958
9,11,9,12,27835
10,13,9,11,77329
9,12,9,11,75344
10,12,8,11,46170
11,13,11,12,24267
9,11,9,12,57537
10,13,9,12,35058
10,13,11,14,45079
16,7,9,12,53215
9,12,9,11,70079
9,13,10,14,42518
10,12,16,7,58226
9,12,9,12,11294
8,10,9,12,34211
9,11,9,12,4021
9,12,10,12,65331
10,13,10,13,56607
10,11,9,12,41017
10,12,8,10,58008
16,7,11,9,1884
9,11,10,13,36102
10,12,10,13,62849
10,12,10,13,65663
13,13,13,13,49118
10,12,9,13,80239
16,7,10,12,51590
10,13,13,13,16420
9,12,9,12,66857
9,12,9,10,18535
10,13,10,12,52218
9,13,10,13,1969
10,13,11,13,72457
10,13,10,12,66468
9,12,9,12,69552
13,13,11,13,81740
9,12,10,12,61283
13,13,9,12,66232
9,12,9,12,75796
13,13,13,13,82256
9,11,10,13,72057
16,9,9,10,68883
13,12,11,13,59253
10,12,9,12,36699
9,12,10,14,54174
9,11,10,12,70846
9,12,9,13,47848
8,11,10,12,80595
10,13,10,13,47290
9,11,9,11,57038
10,13,10,12,31469
9,13,10,14,64796
9,10,11,13,84942
9,12,10,8,73835
10,13,10,12,35417
9,12,10,13,41397
9,11,9,12,67069
10,13,9,12,47433
16,7,15,16,32790
9,12,9,12,81569
10,11,10,14,65457
10,14,10,14,41218
9,13,10,13,27372
13,13,10,9,64659
9,12,9,13,70297
10,13,10,12,71348
10,14,10,13,4550
16,7,10,12,37901
16,7,14,11,21451
8,10,16,7,73623
10,13,11,13,69088
10,13,10,13,59973
9,11,9,11,66698
10,12,10,12,71735
10,11,10,12,75778
10,14,9,12,42030
9,13,10,13,41462
10,12,10,12,44624
10,14,10,12,31346
10,13,9,12,64360
16,7,12,8,35829
9,12,9,12,84085
11,13,9,11,15508
10,13,9,11,9000
10,13,10,13,41496
9,12,9,12,58043
10,12,9,13,70904
11,13,11,14,39105
13,13,9,12,75532
9,11,9,11,38571
9,12,9,12,37367
16,7,9,10,66937
9,12,11,14,61129
8,10,10,13,48072
9,11,9,11,11897
9,12,10,12,29882
9,11,9,13,84502
10,14,10,13,34183
9,11,9,12,59880
9,12,9,12,58312
9,11,9,12,76826
9,13,10,13,66508
9,10,10,12,83603
10,12,10,13,61747
10,12,10,11,63273
10,12,10,13,73862
10,12,10,13,64402
10,13,10,13,27479
10,11,9,9,38013
8,10,10,13,78155
16,7,11,13,55874
10,14,10,15,76570
10,12,10,12,2504
9,11,10,12,69485
10,12,10,12,31543
10,13,10,14,42252
10,13,10,15,46582
10,13,11,13,65455
10,12,10,12,54397
10,12,9,13,71479
10,12,10,12,69232
10,13,11,13,47593
9,12,9,12,23108
10,12,10,13,84426
11,14,11,14,85917
11,13,11,13,68803
11,13,10,12,35445
9,11,9,12,75540
16,7,16,7,78724
10,13,10,14,81300
16,7,15,14,13559
9,12,9,12,50546
10,13,11,13,26424
8,11,9,11,10130
10,12,9,11,85207
10,12,10,12,23645
9,12,8,10,54566
10,13,10,11,56427
10,13,9,13,24635
10,13,10,13,18918
10,13,9,12,45668
10,13,10,12,56752
10,12,10,13,31325
10,12,10,13,57954
9,11,9,10,10604
9,13,10,13,57994
9,12,10,13,44836
10,12,9,11,62622
10,11,9,11,82408
8,10,10,12,24358
10,13,11,14,74443
16,7,14,11,84875
10,13,10,13,65289
11,14,11,14,45090
10,13,11,13,41363
9,12,10,12,55611
9,12,9,11,58405
9,11,9,10,84578
9,12,13,13,50487
9,12,10,13,75791
10,14,10,13,63907
9,10,9,12,57335
9,13,10,14,42622
10,12,9,12,56700
9,11,10,12,1764
10,14,16,7,29026
9,11,9,9,40527
9,12,10,14,35827
9,12,8,11,51503
9,13,9,11,77978
10,12,10,12,67650
10,13,12,12,13288
10,13,9,12,85723
10,13,10,13,27064
16,7,9,11,76936
13,13,12,12,47142
9,11,11,13,55677
10,13,16,7,16589
9,12,9,13,79753
10,12,11,13,79678
9,12,9,11,72665
9,11,10,14,11279
10,9,10,9,62646
11,8,10,15,47633
11,13,10,13,44741
11,14,9,11,57077
10,13,9,12,66155
9,12,11,14,73827
10,13,10,13,55004
11,13,11,12,57062
8,10,10,12,64791
9,11,11,14,43430
10,14,10,12,49380
10,13,3,9,55940
10,13,10,13,49772
10,13,10,12,66760
9,10,9,11,58342
10,12,10,12,56647
10,12,11,13,84948
9,12,8,10,67393
9,11,9,9,5319
9,10,11,9,81208
16,7,12,9,81976
9,11,10,12,50932
11,13,10,13,55910
9,13,10,13,55418
9,11,10,10,47705
10,13,10,13,53826
9,11,9,12,31228
9,11,12,13,40508
11,13,10,13,75382
10,11,9,12,35268
9,13,10,13,41648
9,12,10,11,42666
9,11,10,12,76769
10,13,10,12,50572
9,11,11,13,3283
10,12,10,11,52157
9,12,9,12,63556
10,13,10,13,43695
10,13,9,13,52610
9,13,10,12,36990
9,13,9,11,55585
8,11,9,12,8996
16,7,11,13,76942
9,12,9,12,43021
16,7,9,10,56101
9,12,9,12,67493
8,10,10,13,72139
9,13,9,12,57637
10,14,11,14,75997
10,12,9,12,78398
10,14,10,14,52957
10,13,10,13,82179
9,12,16,10,39885
10,12,10,13,60792
10,12,9,11,81742
10,12,9,11,65835
10,13,9,12,57424
10,15,10,14,47980
11,14,10,13,64989
9,13,10,13,66351
11,13,10,13,7145
9,12,9,13,69170
10,13,10,13,45978
10,13,9,12,51974
10,13,9,12,50090
9,10,9,11,76394
10,13,9,11,64159
10,13,10,13,44249
9,13,10,13,75094
16,7,9,9,27531
10,12,10,13,31971
9,12,9,11,44098
10,13,10,14,84462
8,10,8,11,63861
10,13,10,13,38175
13,13,11,9,78692
9,11,9,11,59309
10,13,10,13,31015
9,12,10,12,31898
9,13,10,13,74632
10,13,11,13,44775
9,11,9,11,84710
13,13,10,12,51448
9,12,10,13,51180
10,12,10,12,53607
9,13,10,13,29879
10,13,10,13,67969
8,10,9,11,28956
9,12,9,13,83163
10,13,10,13,71159
10,13,10,15,44214
9,12,9,12,35275
16,7,16,10,7279
10,13,9,11,61885
9,12,9,10,5059
10,12,9,12,55303
10,13,9,12,3707
9,12,9,11,78405
10,13,10,13,51180
10,13,11,14,65997
10,13,10,12,60372
9,13,10,12,29864
10,13,9,11,34226
9,11,16,7,49948
9,11,9,11,82281
9,13,10,13,81192
10,13,10,13,32440
10,12,9,12,38371
9,12,9,11,2077
9,11,10,13,77343
9,11,9,12,54381
10,12,11,13,28633
9,11,9,11,61802
9,11,10,13,41913
8,10,10,12,77406
10,13,10,12,83074
10,13,10,13,30311
10,12,9,12,71539
9,12,12,16,39012
9,12,10,13,72836
10,13,10,13,45349
9,12,9,11,82165
10,13,10,12,34195
9,11,8,10,50089
9,11,9,9,6450
11,13,10,13,78768
9,12,9,12,26271
9,11,9,12,3084
10,13,11,13,51202
9,11,9,11,82275
10,12,11,13,56217
10,12,9,11,80466
9,12,9,12,67074
10,14,10,13,68973
9,12,10,12,12540
9,12,13,13,48551
10,12,10,12,41403
9,12,11,14,70158
9,11,10,13,59675
10,14,9,13,56535
11,13,11,13,81831
10,13,10,13,53728
10,12,10,14,49684
10,13,9,8,2113
10,13,9,11,36751
10,13,10,13,52895
10,13,10,13,70000
9,13,10,12,71620
11,13,15,9,73890
10,12,9,12,27328
10,13,16,7,50581
9,12,10,13,74507
10,13,10,12,62198
9,13,13,13,35467
11,13,10,14,38948
9,12,9,10,61553
10,12,10,12,74490
10,13,10,13,32445
9,11,9,11,31639
10,13,9,11,78984
9,11,9,11,5351
9,12,9,13,53186
16,7,8,10,57883
9,11,9,11,35718
10,13,10,13,37200
10,14,10,13,55357
10,13,9,12,45926
9,12,9,11,48024
16,7,13,9,71609
9,12,9,11,58355
9,12,9,13,73372
10,13,9,12,73978
9,12,9,13,81266
10,13,10,13,78162
10,14,9,12,64886
10,12,10,11,54350
10,12,10,13,47378
9,12,16,7,57043
9,13,11,15,70941
9,12,9,9,72660
10,12,10,13,62297
10,13,10,14,85104
10,14,11,14,68408
16,7,11,15,31503
10,13,11,14,68794
9,12,9,13,27107
9,12,8,10,45554
16,7,9,12,62624
10,13,9,11,78622
10,13,11,13,48896
9,12,10,9,46172
9,12,9,10,14587
10,13,10,13,53602
10,13,11,13,76657
9,11,9,11,84025
13,13,9,12,40037
9,13,9,12,37464
10,12,9,11,80049
9,12,11,15,72922
9,13,8,11,58508
9,12,9,11,43301
9,12,9,11,68910
16,7,9,12,26885
9,12,9,12,79969
9,12,10,12,63934
9,13,9,13,51959
9,11,9,10,56942
10,13,10,14,54545
10,12,9,11,65111
10,13,9,12,59921
13,13,10,12,36694
10,14,10,13,53025
11,14,10,13,43070
11,13,10,14,72668
8,10,8,11,52013
9,11,10,12,32421
9,12,9,13,46075
10,13,11,13,66235
10,14,10,13,42112
9,11,9,11,46153
9,12,9,12,56154
11,13,10,13,46508
10,12,9,13,37708
9,11,10,11,7443
9,12,10,13,4435
9,11,9,11,35405
10,13,10,12,69834
10,13,10,14,58912
10,13,10,14,58873
9,12,10,12,79384
9,12,10,12,46237
10,12,10,13,58725
9,13,9,12,40690
10,13,10,13,36999
9,12,10,14,66334
9,11,9,11,82055
9,12,9,9,82490
10,13,10,13,54452
9,11,10,12,31616
9,11,10,12,28660
9,12,10,13,48907
9,11,8,10,49685
9,11,10,12,51833
10,12,9,11,37619
10,13,9,12,43324
10,12,10,13,62349
9,11,10,14,38558
10,13,10,13,72443
9,12,9,12,31947
10,14,10,13,38685
9,12,10,12,64290
8,10,9,12,38185
9,12,9,12,42097
9,9,9,9,3670
13,13,14,12,47645
9,12,9,11,67783
9,13,9,12,35161
11,14,11,13,78702
10,12,10,12,44036
11,13,10,13,66864
9,12,9,10,53971
10,13,10,13,45388
8,10,9,10,57096
16,7,13,8,61080
9,12,9,10,80399
9,12,8,10,52926
10,12,9,11,57709
13,13,9,11,46114
16,7,9,11,47106
10,13,10,12,50428
9,12,10,12,65633
10,13,9,11,53202
10,12,9,12,76769
10,13,10,12,69227
10,13,10,12,85310
8,10,9,11,47499
10,13,9,13,63762
10,12,9,11,60252
9,11,9,12,12863
10,13,9,12,53509
9,13,10,13,42809
10,13,10,12,29371
10,13,10,13,54756
10,13,10,12,65092
9,12,9,11,29806
10,13,10,12,45763
9,11,9,12,6754
9,13,9,13,53766
10,13,11,14,79421
9,11,10,13,4528
9,12,9,12,65264
9,11,11,13,81952
10,12,10,13,34854
11,13,13,13,64792
13,13,13,13,39556
10,14,10,14,63609
13,13,9,12,55669
9,13,9,12,70064
10,13,10,11,68766
9,11,10,12,57212
9,12,9,11,84067
10,13,10,14,59810
10,13,10,13,66104
11,6,11,8,30327
10,13,10,13,54681
11,13,10,13,60676
9,12,10,12,5947
9,11,11,14,42944
10,12,10,13,44075
11,13,10,13,30457
11,13,11,13,67893
9,11,9,12,73513
10,13,10,13,63183
10,13,12,12,35577
10,13,10,12,68626
9,12,9,12,27038
10,11,10,11,40792
10,13,16,7,38474
9,11,9,12,39652
9,12,9,12,52686
10,12,11,14,67901
9,11,9,13,2277
9,13,10,13,79689
9,12,9,10,80769
9,11,9,11,31502
9,12,9,13,71182
10,12,9,12,29777
9,8,10,9,80594
13,13,13,13,39029
11,13,10,13,65166
13,13,9,9,70217
10,13,10,13,62656
10,12,10,13,63182
10,13,10,14,27729
9,10,9,12,10615
16,10,9,13,48204
11,14,11,14,55762
9,11,10,12,39127
9,13,10,13,42220
10,13,9,11,46887
9,10,9,13,83875
9,12,10,12,46929
10,14,9,13,56593
9,11,9,12,82496
11,13,9,12,75439
9,12,9,11,3873
10,12,9,11,76159
9,12,10,12,55839
10,13,10,12,34525
9,12,9,12,61251
10,10,12,11,85693
10,13,9,12,81701
9,12,9,12,69658
9,12,9,12,73659
10,12,10,13,71426
14,11,9,12,64113
9,11,10,7,78332
10,13,9,13,63837
9,12,9,13,69139
10,12,10,13,28206
9,10,10,13,82410
9,12,9,12,72298
10,11,9,11,78932
9,13,10,13,83820
9,11,9,12,55517
10,13,11,16,28078
10,12,9,12,34452
9,10,9,13,53186
10,13,11,13,67544
10,12,10,12,59198
9,12,9,12,55067
11,13,10,13,49724
10,12,9,12,26955
9,13,9,12,66484
10,13,10,13,64040
9,13,9,12,62860
8,10,8,10,68131
10,13,10,13,80843
9,12,11,13,42986
10,13,10,13,25575
13,13,14,11,57284
11,13,11,14,20957
9,12,9,13,52474
9,11,9,11,84331
9,10,10,10,81738
10,13,10,13,43534
9,13,8,10,83886
9,12,9,11,68558
10,12,10,13,65989
9,12,9,12,35684
13,13,10,12,3411
9,12,10,12,14181
10,13,10,14,36150
9,12,9,13,64673
10,13,10,13,64886
9,11,10,12,64153
9,12,9,12,35334
10,13,10,13,54823
9,11,9,11,82786
9,12,9,11,53277
9,12,9,13,50898
9,10,8,6,61464
9,12,10,13,64463
8,10,8,10,81932
10,13,9,11,79107
9,12,9,8,80223
10,13,10,13,43765
9,12,9,13,50083
10,12,10,11,63546
9,12,9,11,85545
10,14,9,13,71212
8,11,9,10,50870
9,11,9,11,54670
10,13,9,13,33025
9,11,9,12,63515
9,11,8,11,30840
10,14,12,18,65431
9,10,9,10,47446
16,12,16,13,48690
10,13,10,13,66049
10,13,9,11,42502
10,13,10,12,40520
13,13,10,10,71104
9,12,10,13,54737
9,11,9,12,74066
10,13,9,13,62656
13,13,9,11,44471
16,7,11,12,84436
11,13,10,13,72780
13,13,11,11,42589
9,11,9,11,74035
10,13,10,13,53480
10,13,9,12,26198
10,12,9,12,34061
10,13,10,12,41400
13,13,10,13,73456
9,12,9,13,63432
10,12,11,11,37622
14,12,11,11,53222
9,11,9,11,83388
9,13,9,12,71328
10,14,9,13,36699
10,12,10,12,45800
16,7,11,9,81134
10,13,10,13,41277
9,12,10,12,82995
10,12,10,12,41806
9,13,9,12,57771
9,11,10,12,35656
9,11,9,11,60316
9,11,9,9,4158
10,14,9,12,38626
9,12,9,11,59542
10,13,11,14,836
9,12,10,13,42683
10,13,10,12,49106
10,12,13,13,46068
9,11,9,10,2856
10,13,10,12,59981
10,13,10,12,61603
10,13,9,12,79941
10,13,10,13,84018
16,7,10,12,51382
8,10,9,11,76506
9,12,9,11,72829
11,13,13,13,18316
10,12,15,12,78158
9,12,9,12,23768
9,12,10,13,71012
9,12,8,10,64227
8,10,9,12,59284
9,11,10,13,55683
10,12,10,11,38423
10,12,10,12,48583
10,13,10,13,58709
10,13,10,13,47497
10,13,10,13,40795
9,12,9,13,71634
9,12,8,11,65456
9,12,10,13,77569
10,13,11,13,38681
10,13,10,12,71600
9,12,16,13,37769
10,12,9,10,80052
10,13,10,13,49379
9,13,10,13,56794
10,13,10,13,51038
10,13,10,13,54398
10,12,10,12,58632
9,13,10,14,48853
9,12,10,13,39686
9,13,10,12,33139
10,13,11,14,73028
9,13,9,12,43850
9,12,9,13,22415
10,13,10,13,78697
9,11,9,13,26965
11,13,10,13,32556
10,13,10,13,49437
10,11,11,13,80308
9,12,10,13,74597
9,12,9,12,24753
9,12,10,13,47577
9,11,10,12,67508
9,11,9,11,5076
9,13,9,12,57388
10,12,11,14,65570
11,14,9,13,31398
9,11,8,10,50473
9,11,10,12,52509
9,12,9,13,54408
16,7,10,12,58714
10,12,9,11,59455
9,11,10,12,69146
10,12,10,13,58723
9,12,9,12,60858
9,12,10,12,83679
10,14,10,12,83845
10,13,13,10,17509
9,12,9,12,1138
9,11,9,11,53602
10,13,10,12,48313
9,12,9,12,74005
9,13,10,14,62482
10,13,9,9,81533
9,12,9,12,80520
9,12,9,11,62918
10,13,9,12,49053
16,7,9,9,72446
10,13,11,13,64852
10,14,10,14,49714
9,12,10,13,47923
10,13,9,13,42332
11,13,10,12,59440
9,13,9,12,82709
10,12,9,12,61756
16,7,18,10,78121
10,12,13,13,42584
9,12,11,13,66262
10,13,11,14,64133
10,12,13,13,27669
10,13,9,13,54950
9,12,10,12,20506
10,13,10,13,35275
10,13,9,13,54980
9,13,10,12,50920
8,10,9,9,79345
10,13,10,14,44562
9,13,12,17,68515
10,13,10,12,33286
10,12,9,12,85854
11,13,10,13,74742
9,13,9,10,40401
16,7,9,13,57785
10,13,10,12,78780
10,13,10,13,66211
11,13,10,13,79164
10,12,9,12,25648
10,12,3,9,46943
9,12,9,12,20607
9,12,9,12,31510
10,13,9,11,61950
13,12,9,12,69876
10,12,10,12,63885
9,13,10,13,78439
9,13,10,12,38654
9,13,10,12,47231
9,13,10,13,66939
16,7,10,5,48842
9,11,10,10,80726
10,11,9,11,28022
9,11,9,11,71380
13,13,15,14,64537
10,13,10,14,56096
13,13,9,9,71448
9,11,9,12,35005
9,11,9,12,1280
10,13,10,13,60078
9,12,9,12,73176
10,13,10,13,27791
10,13,10,13,66051
10,13,10,13,56814
10,13,10,12,75715
9,11,10,12,70075
9,12,10,13,65097
10,14,13,13,53614
10,14,9,12,23510
12,11,15,9,39916
10,13,10,12,72836
9,12,9,12,59058
10,14,9,13,61846
10,14,9,13,34564
11,13,9,12,35968
10,12,9,12,52737
10,13,9,13,61221
9,12,9,13,82740
10,13,8,10,68007
9,13,9,13,77039
9,13,10,13,44098
10,13,10,13,31088
10,13,10,13,81115
10,13,10,12,37677
13,13,12,13,66927
9,10,11,15,11644
10,13,10,13,31168
9,11,8,10,64422
9,12,10,11,67784
10,13,10,13,68276
10,13,9,13,63487
10,11,10,12,8575
10,12,10,13,55664
10,13,9,13,51052
9,12,10,13,37846
10,12,9,12,35672
9,12,10,13,78110
10,12,9,10,62426
10,13,11,13,4538
9,11,9,12,75196
10,13,10,13,55979
16,7,9,11,78699
10,13,9,12,74570
10,13,10,13,45715
9,12,8,10,59636
10,13,10,13,58854
16,7,10,13,77765
9,11,9,11,57097
10,12,10,12,65368
10,12,9,12,50789
16,7,11,8,2333
9,13,10,13,65437
13,13,9,13,57123
11,14,11,14,64473
10,12,9,12,71599
9,12,9,12,25736
9,11,10,12,50074
10,12,9,13,45585
9,12,9,12,70172
10,13,9,12,5486
16,7,9,12,26822
10,12,10,13,76222
9,12,10,14,83177
9,12,9,11,73200
9,12,9,13,45856
10,14,11,14,34809
9,13,9,13,57805
10,13,9,13,50830
9,11,9,9,9651
16,7,16,9,80450
9,12,9,11,51166
10,13,11,14,53906
13,13,11,13,722
9,11,10,13,48593
9,12,9,12,31165
10,13,9,12,81982
13,13,14,11,51863
10,13,10,13,63848
10,13,10,13,40889
13,13,9,11,68248
10,13,9,13,53386
17,9,9,13,74680
10,14,11,14,46508
10,13,11,13,39194
9,12,10,12,70187
9,11,9,11,904
10,13,9,13,73542
10,12,10,12,35361
9,12,9,9,67107
10,12,10,14,41669
10,12,10,13,47099
10,13,10,14,59767
10,13,10,12,24218
10,12,10,13,42696
10,12,10,13,83469
10,13,10,13,76514
10,13,11,13,44904
9,11,10,12,24445
9,11,9,8,13441
9,11,9,11,10037
10,13,10,13,27878
10,13,10,14,32069
11,13,11,13,84889
10,13,11,11,75294
10,13,9,13,47253
10,12,10,12,47885
11,13,10,14,83817
9,12,9,13,67703
8,10,10,14,45618
10,13,10,13,76248
10,13,10,13,57039
8,10,9,11,31327
9,12,13,13,49684
10,13,11,13,66389
10,12,9,11,25754
9,12,10,14,1539
9,13,9,12,55837
10,12,9,12,3055
11,13,10,14,70723
13,12,9,13,2148
10,13,10,13,67031
10,13,10,13,31492
11,13,10,13,27549
9,12,9,11,84420
11,15,11,14,33535
10,14,10,13,76097
10,12,10,12,51383
9,13,9,12,57438
9,12,11,16,83104
13,13,10,12,2
10,13,10,12,57221
14,17,9,12,59922
16,7,9,12,58225
10,11,9,10,53467
10,13,10,12,44793
10,13,9,12,64392
10,12,9,11,62029
9,12,9,11,35550
9,9,10,12,29144
10,15,13,13,18915
9,11,9,11,74010
10,13,10,11,58771
9,12,10,12,22972
9,11,8,10,678
9,11,10,12,81097
10,12,10,13,48544
10,13,11,16,80503
10,13,10,13,51355
9,11,9,12,34108
10,12,9,10,56884
9,12,10,13,56686
10,13,10,13,20528
9,13,10,13,71481
10,13,9,13,25432
9,12,9,13,59393
17,12,12,13,67094
10,13,10,12,72656
9,9,10,12,56831
9,10,9,11,47731
10,13,10,13,54144
9,12,9,12,48066
9,12,8,10,41770
13,13,13,10,73906
9,11,9,11,83398
10,13,9,11,55958
10,13,10,13,69423
9,11,9,12,75054
10,13,9,13,63768
11,13,10,13,71590
10,13,10,13,82010
11,13,10,13,28515
9,12,9,12,54097
10,12,10,12,32284
10,13,10,13,47832
10,12,9,11,65630
10,12,9,12,36826
9,10,9,10,5520
10,13,9,12,56289
10,14,10,13,31443
9,12,10,13,65931
13,13,9,10,81590
9,11,10,13,79711
10,12,10,12,82825
10,13,10,14,28328
11,11,9,10,5447
9,12,9,12,61440
9,12,10,13,77577
10,12,9,12,51335
9,12,9,12,74971
9,11,9,11,59134
9,11,10,13,41587
9,11,10,13,82274
10,12,10,12,40834
10,12,9,11,65635
10,13,10,13,50081
8,10,9,12,42803
9,12,8,10,77654
10,13,10,14,41807
9,13,9,13,65838
9,12,10,13,78636
10,13,10,13,64301
10,13,9,12,65400
9,11,10,13,46204
8,10,9,10,61085
9,11,9,11,57033
9,11,10,13,52481
10,13,10,13,54985
9,11,11,17,1077
9,12,10,14,83249
9,11,8,10,85111
10,13,10,13,48909
13,13,10,11,68061
10,12,10,13,50925
9,12,9,11,82564
10,12,9,11,42787
10,12,10,13,36162
9,12,10,12,41572
9,12,10,13,29914
10,13,9,13,37630
9,11,10,13,56811
10,13,10,13,36860
10,13,11,13,77132
10,13,10,13,34770
16,7,13,9,52502
10,12,16,7,52140
9,13,10,13,28039
9,13,9,12,48521
16,7,9,11,79261
10,12,11,11,74327
9,12,10,12,85850
10,13,11,13,69952
9,12,9,12,66919
9,11,9,11,67363
10,13,10,13,65459
10,12,11,13,76074
10,13,10,13,60757
16,7,9,8,872
9,11,9,9,62586
11,13,10,13,55078
9,12,9,11,579
9,11,9,11,51640
12,12,10,12,46387
10,13,10,12,50341
9,11,10,12,62582
9,13,10,14,61604
16,7,10,12,52496
10,13,9,13,56735
9,12,9,12,63366
10,14,10,14,61780
9,12,9,12,49653
10,13,10,13,55027
9,13,9,13,73756
9,11,9,11,73873
9,11,9,11,11217
9,11,9,10,66627
10,12,10,13,81027
11,13,10,12,2703
10,13,10,13,50430
10,13,10,13,60816
9,11,8,10,1817
10,15,11,15,78996
9,12,11,12,4341
9,13,9,13,71887
9,12,9,11,35011
10,13,10,13,49388
9,10,9,12,63778
9,11,9,11,39173
16,7,10,12,1270
9,12,10,12,59636
10,14,10,13,50495
10,12,10,13,45190
10,12,9,12,26075
9,12,9,12,55913
9,12,11,15,79352
8,10,8,10,45948
10,13,10,13,47227
9,11,10,12,47506
10,13,8,10,84940
10,13,10,14,69318
9,12,9,12,51735
9,13,10,13,42498
9,13,9,11,81531
9,13,10,13,59085
11,13,11,14,28413
11,9,11,9,69692
10,13,10,13,60245
9,11,9,11,62784
10,12,10,13,76699
9,12,9,13,37743
10,14,10,12,29580
9,11,10,12,71057
9,11,10,12,68940
10,12,10,12,57015
9,12,10,13,59840
8,10,9,12,62153
10,13,10,12,43830
9,12,9,11,72653
10,11,9,12,40871
10,13,9,13,63616
9,10,9,11,73808
10,13,9,11,30761
9,12,10,12,65130
9,12,9,13,63635
10,13,10,12,53650
9,12,10,12,77129
10,13,10,13,49901
11,13,11,14,47598
9,13,9,12,60105
10,12,9,13,77379
9,10,9,11,8416
16,7,11,13,29611
10,13,10,13,63045
9,11,9,11,53152
10,12,9,11,58471
9,12,9,12,28316
11,15,11,14,17001
10,13,9,12,39781
10,13,11,13,46430
11,13,13,13,58542
10,11,10,12,60656
10,12,10,12,40523
9,12,11,16,55819
9,12,10,13,65512
10,13,10,13,56558
9,12,9,11,67866
10,13,9,13,63472
9,12,9,12,68916
9,11,9,11,64879
9,12,10,14,48249
9,11,10,13,74657
9,12,10,13,58929
9,12,10,12,22978
9,13,9,12,38708
9,12,13,13,60641
9,13,10,13,39965
10,12,11,13,66882
10,12,8,10,84629
11,15,9,12,72140
9,10,10,14,54160
10,14,10,13,42563
9,12,9,12,25242
9,12,10,13,42733
9,10,8,10,62588
10,12,10,12,71927
9,11,9,11,2487
13,13,11,10,81690
9,12,9,12,28827
10,13,10,13,57527
9,13,10,13,29236
9,12,10,12,59674
10,12,10,12,64797
9,11,9,11,43811
9,11,8,10,85379
10,13,9,13,52808
9,12,10,12,65354
10,12,10,14,64983
9,12,10,13,38626
9,12,10,13,35835
10,13,11,13,61885
16,7,9,12,45559
10,13,10,13,54479
9,12,9,11,73565
10,11,9,11,39389
10,13,10,13,72650
9,10,8,10,81291
10,13,10,14,80428
13,13,9,12,85774
10,12,9,12,70245
9,12,11,13,62219
10,13,10,13,56287
10,13,10,12,63988
10,13,10,14,67234
10,13,9,12,62710
10,12,9,11,71729
10,11,10,13,70742
10,13,9,13,77451
10,14,9,9,59618
10,13,10,15,63600
9,13,13,13,30524
9,11,9,11,51973
9,11,9,10,71786
9,12,9,12,74251
11,12,10,12,3877
8,10,9,13,50858
9,12,9,12,27492
10,13,11,17,2194
9,12,9,13,81496
9,13,10,13,55278
13,13,11,15,80046
9,13,9,13,66422
9,12,9,13,42484
10,13,10,12,32371
9,12,10,12,29592
9,10,9,11,82132
16,7,11,13,1064
10,14,10,14,61609
16,7,16,9,45054
11,13,10,13,33466
10,14,10,13,58622
11,14,9,11,40896
10,12,10,13,61435
10,12,10,13,32653
10,11,9,12,56600
10,13,10,13,42078
9,12,9,12,35811
10,13,10,13,33026
13,13,12,12,35585
9,11,9,12,47225
9,12,10,12,37646
9,13,10,13,59458
10,13,10,12,52674
9,11,9,11,84409
10,13,10,13,49880
9,13,10,14,35643
9,11,10,13,1601
9,13,9,12,34920
10,12,10,12,67077
10,12,9,12,67956
9,12,10,12,37891
9,13,10,12,44158
9,12,9,13,74731
10,12,9,11,72320
9,12,9,12,62372
10,13,16,7,60685
10,13,10,12,32492
16,7,12,12,67413
10,12,10,11,62040
13,13,9,12,47251
9,11,10,13,42206
9,12,9,12,67619
8,10,13,13,24960
13,13,10,13,79260
9,12,9,12,57232
10,12,9,11,30609
9,11,9,12,84031
13,13,11,13,57137
10,14,10,12,35669
16,7,11,9,58980
16,7,11,4,54049
8,10,9,12,79906
13,13,9,9,31326
8,10,9,11,68684
9,12,9,12,81611
10,13,10,14,48012
10,13,11,13,54556
10,14,9,13,63393
10,13,11,14,68519
10,13,10,14,64416
10,12,10,12,53175
9,12,9,12,30305
10,13,10,13,58932
9,12,10,13,65130
10,12,10,13,51888
9,12,9,10,42282
9,12,9,11,30919
10,12,9,12,34486
9,11,9,11,5723
9,11,9,9,73070
9,11,9,11,19996
11,13,9,13,72730
9,12,9,12,64205
9,11,9,12,47964
9,11,8,11,70445
10,13,10,13,49039
9,12,9,12,62715
10,12,9,12,50308
9,12,9,12,47178
10,12,9,13,73887
10,13,10,13,50919
10,12,10,13,76888
9,12,9,12,66016
11,13,11,14,41402
16,7,13,13,21808
10,13,10,13,81343
13,13,10,12,53903
10,13,10,13,83505
9,13,9,12,38980
10,12,10,12,32479
10,12,10,13,38710
9,12,9,12,32988
16,7,9,11,78999
10,13,11,13,64150
10,13,10,12,30787
9,11,9,13,5309
12,12,11,12,29606
16,10,11,12,50581
16,7,9,12,62617
9,12,9,12,85262
9,11,9,10,10229
9,12,10,13,61326
9,12,9,12,46336
9,11,9,11,8336
10,13,10,13,69028
10,13,10,12,1835
13,13,11,13,117
10,13,10,14,28844
10,12,9,11,1588
16,7,9,12,54910
13,13,14,11,39319
10,13,10,13,62996
13,13,9,13,50294
10,12,10,12,56750
9,11,9,9,81166
9,11,10,13,45179
10,12,9,10,12838
9,12,10,13,64977
9,11,9,10,59769
10,12,11,13,74066
10,12,9,11,79265
13,11,14,11,59576
9,11,10,11,3975
9,11,11,12,80981
16,7,15,9,86158
9,12,9,12,70884
16,7,11,16,52605
9,11,10,13,78509
10,13,10,14,67986
10,12,16,7,48631
9,12,10,13,29495
16,7,9,12,60272
9,12,9,13,32573
10,13,9,12,34831
10,12,9,12,59189
10,13,10,12,53923
16,7,8,11,73764
9,11,9,11,20652
10,13,10,13,72573
10,13,10,13,68279
11,13,10,13,52679
10,13,9,13,68166
8,11,9,11,53345
11,14,10,13,54073
16,7,10,13,48198
10,13,10,14,52860
10,13,9,11,50127
9,11,9,8,70558
9,12,9,10,39409
9,12,10,13,62308
10,13,10,13,60315
10,13,9,13,75566
10,13,8,11,72538
10,12,10,13,59448
10,13,10,12,77441
9,11,10,12,53121
10,12,9,10,79468
10,13,9,12,52888
9,11,9,11,18596
10,14,10,14,78291
9,13,9,13,29822
10,13,10,13,49204
11,14,11,14,55636
10,12,10,11,84231
9,12,9,12,81176
10,13,9,11,32164
9,12,10,13,59338
9,12,9,12,40385
9,12,9,13,67611
13,13,11,14,43382
9,12,9,11,32411
9,12,9,12,45867
16,7,9,11,59689
10,13,10,13,37029
10,12,11,13,42785
8,10,9,10,74086
10,13,10,12,59931
9,12,9,13,929
10,14,9,11,85670
9,11,9,11,30596
9,13,11,14,53073
13,13,12,12,86337
10,13,10,13,81136
9,10,11,14,86301
10,14,10,15,40285
9,13,10,12,73616
9,12,10,13,75752
12,7,9,9,35043
9,11,10,12,25115
10,14,10,13,68474
10,12,10,13,52326
9,13,11,13,78241
10,13,11,13,38130
11,13,10,13,64601
9,12,9,11,68382
10,13,9,13,45908
9,11,10,14,5953
9,12,9,10,79228
16,7,10,13,70902
9,11,9,12,54728
9,11,9,10,68295
11,14,10,13,48022
9,12,9,13,83266
11,13,9,11,69711
9,11,9,11,79067
9,12,9,13,66945
8,10,9,11,45947
9,11,10,10,10623
10,13,10,12,42836
9,12,9,9,1890
9,12,10,12,70806
9,13,10,13,67934
10,13,11,13,33848
11,13,10,14,48750
11,13,10,14,55760
10,12,9,13,85971
9,12,9,13,66410
9,11,9,11,61510
9,11,10,12,76361
10,13,9,12,26848
10,13,10,13,77387
9,12,10,12,42387
9,11,10,12,61708
9,12,9,12,48487
10,13,10,12,63313
10,12,10,13,57040
9,12,10,11,77226
9,12,10,13,82292
10,13,10,12,25782
9,12,9,11,66892
9,11,9,12,46220
9,11,9,11,60008
9,11,9,11,77693
10,13,10,13,27593
9,12,9,11,25129
10,12,9,12,55429
8,11,16,7,20318
9,13,11,14,36911
9,11,9,10,31873
9,12,10,13,30338
9,12,9,11,3809
10,14,10,13,60526
9,12,9,12,12955
10,13,10,13,52259
10,13,10,12,52592
16,7,12,13,57590
9,10,9,10,84792
10,12,10,12,60273
16,7,11,10,63858
11,13,10,12,49155
10,13,11,14,38845
10,12,10,12,68639
11,14,11,15,28430
10,13,9,11,69029
10,13,10,13,81317
13,13,13,12,63924
10,13,10,13,38675
9,12,9,12,53180
9,12,10,12,27808
10,13,10,14,61003
9,11,11,13,75281
10,13,10,14,54932
16,7,18,9,9319
8,10,9,12,57656
10,13,10,13,52129
9,11,8,10,70500
10,14,9,13,45549
10,12,10,13,61939
9,11,9,9,77191
10,13,9,11,68191
9,11,9,11,46000
8,11,8,10,72189
8,11,10,12,43920
9,11,10,13,272
10,12,10,12,75755
9,12,11,13,62670
10,13,10,13,62431
9,12,10,13,59877
10,13,11,15,58459
10,12,10,13,67263
10,12,9,12,1999
9,11,10,12,50557
10,12,9,11,62473
10,13,10,14,41440
10,13,10,13,63542
9,11,9,12,3095
10,13,10,14,54066
9,10,9,11,6323
8,10,9,11,44071
10,13,10,13,44419
9,12,9,12,36822
9,11,10,12,32796
9,10,9,10,76876
9,11,10,12,76680
10,11,8,11,28440
9,11,11,13,81464
9,13,9,10,5029
9,12,10,12,49623
8,10,9,10,6900
9,13,9,12,45593
9,11,9,11,51546
10,14,10,13,45069
13,13,11,13,67830
9,11,9,10,79551
10,14,11,14,57804
10,12,9,12,48002
9,11,9,11,71039
9,12,11,16,8145
9,11,9,11,15085
10,13,10,13,24239
9,12,9,13,77932
9,11,10,11,56084
10,14,9,12,64390
8,11,9,13,73214
10,12,9,10,71498
10,13,10,13,57406
10,13,10,12,81303
10,13,9,12,61518
16,7,9,12,49737
13,13,10,12,74969
10,13,10,13,62008
10,12,10,12,71270
9,13,9,12,32836
10,12,9,12,31363
16,7,14,11,52155
11,14,10,14,65367
9,12,9,10,49803
9,11,8,10,72126
9,12,8,10,29722
16,7,10,13,49401
10,12,9,11,37919
10,13,10,12,73855
9,12,9,12,19586
9,11,9,11,69973
10,13,10,13,38298
11,13,11,14,64338
10,13,10,13,81033
10,13,10,13,47330
10,12,11,13,65834
10,12,9,12,71282
10,12,9,9,58225
10,13,10,13,42892
9,12,8,10,54167
9,12,11,16,31031
10,12,16,7,65985
10,13,10,14,51708
10,13,10,14,81240
9,13,10,14,61132
9,11,10,12,28082
10,12,10,13,49018
10,14,13,12,72742
10,13,10,13,25224
10,13,11,14,74110
10,13,9,11,82068
10,13,10,13,40442
10,13,9,13,34700
16,7,9,11,64092
9,11,10,12,28059
11,13,10,13,69446
9,12,9,12,10454
9,11,9,10,52944
10,12,10,12,81339
10,13,10,11,64742
9,11,9,12,49107
13,13,11,12,67132
9,11,9,12,77014
9,12,11,15,14080
8,10,10,12,43686
10,12,9,11,81510
11,13,10,12,79626
10,13,10,13,36566
10,13,10,12,31893
9,12,16,7,33788
11,14,12,14,43230
10,13,10,13,59961
16,7,9,11,86170
10,12,9,10,43044
10,13,10,13,40608
10,13,11,13,44423
10,13,10,12,62836
10,13,9,13,67393
9,12,9,13,79913
13,13,9,12,36031
9,12,10,12,53366
13,12,11,11,67259
9,11,9,11,54722
9,11,9,13,34277
9,12,10,13,33167
16,7,11,11,75184
10,12,10,12,50200
11,13,13,13,38939
10,14,10,13,28019
10,13,10,13,54341
9,11,9,11,32273
10,14,11,17,43940
8,10,9,11,1743
9,12,9,12,58036
10,12,10,13,66397
9,13,10,14,30668
15,11,15,11,45353
10,12,10,13,56940
9,11,9,11,6169
10,12,11,13,63470
9,12,11,13,414
11,13,11,14,68271
10,13,10,13,62980
10,12,9,11,72643
10,12,10,13,72468
10,12,9,12,50698
16,7,14,11,34898
9,12,10,12,70737
10,12,10,13,31475
10,11,10,12,46640
10,12,10,13,68201
9,11,10,12,45373
9,12,9,11,22690
11,13,9,12,40987
13,13,11,16,64647
9,12,9,11,51776
10,11,9,12,48727
9,11,9,11,70130
10,13,11,13,39030
16,7,15,9,82232
11,13,11,13,68460
10,13,10,12,51239
9,12,10,11,36816
10,12,9,12,3239
9,10,9,12,85624
9,12,9,13,55528
10,12,9,10,25128
10,12,9,11,47975
10,12,10,13,52160
9,10,9,11,14274
10,13,10,14,61797
10,12,9,12,59289
9,12,9,12,71846
10,12,10,12,52188
9,12,9,12,62189
10,12,13,13,19183
10,12,10,13,40966
10,12,9,12,78034
10,13,11,14,64528
10,13,11,13,43082
9,12,9,11,50363
10,13,10,13,37037
10,13,10,12,51626
11,13,11,13,44248
10,12,10,13,54776
10,12,9,11,45388
8,10,9,13,86340
13,13,9,11,51710
10,13,9,12,40503
10,14,11,14,74494
9,11,9,12,83062
10,12,11,13,62142
9,12,8,10,35999
10,13,9,12,48690
9,12,9,13,84900
9,10,11,11,64034
11,16,9,12,52312
13,13,10,6,37443
9,12,10,15,9544
10,13,10,13,34167
9,12,9,10,85948
10,12,10,13,51303
16,7,10,14,81691
10,12,10,12,36903
9,11,10,14,77349
10,15,10,15,898
8,10,9,11,33041
11,13,9,13,51789
16,7,10,13,63079
10,13,10,14,42264
9,11,10,12,62567
16,7,14,11,77926
9,12,10,12,42380
10,13,10,15,28533
11,13,13,13,70554
10,13,9,12,74995
10,11,9,11,68598
10,12,10,12,65922
10,13,10,13,48854
10,13,10,14,82109
10,15,10,14,46452
9,12,10,13,58668
10,13,11,14,14868
11,13,10,13,49807
9,12,9,10,75512
9,11,9,11,4967
13,13,11,14,82974
13,12,9,13,70601
10,13,10,13,27368
10,13,10,12,73512
10,12,9,13,68337
10,12,10,12,37954
9,12,9,12,5170
10,12,9,11,77959
9,12,9,12,86123
10,13,10,13,36785
10,12,10,13,63247
9,12,10,12,58072
10,12,10,13,65465
9,13,10,12,55807
10,12,9,11,36880
10,12,9,12,68235
8,11,9,11,3365
9,12,11,16,79852
9,12,9,12,45235
9,13,10,13,63988
10,13,10,13,62980
9,12,9,12,61450
9,12,10,13,37716
11,13,9,11,73181
9,11,9,12,72735
16,7,12,19,51438
16,7,13,8,54635
9,11,10,12,40366
9,11,10,12,39491
8,10,9,11,78081
10,12,10,13,82914
9,12,9,11,79585
10,12,10,13,50059
9,11,10,11,43268
16,7,17,8,29621
10,13,9,12,69826
10,12,9,13,66277
13,12,10,13,62586
13,13,14,13,37872
10,13,10,13,67334
11,15,10,14,30888
16,7,17,9,9871
10,12,10,13,51311
9,10,9,12,75423
16,7,16,10,25843
9,12,10,13,51250
9,12,9,11,61342
9,12,10,13,64687
9,12,9,11,39251
10,13,9,13,34609
10,13,10,12,62143
10,13,10,14,68723
9,11,10,12,78353
10,13,10,13,68751
9,12,10,10,68956
10,13,10,14,26751
9,10,9,11,67909
9,12,10,12,1100
10,13,11,13,32112
13,13,9,11,55981
10,13,10,13,59802
10,13,9,12,48620
9,13,10,13,57951
10,12,9,11,44954
10,13,10,14,59870
9,13,11,13,57707
16,7,11,10,50704
9,11,10,12,55536
9,11,9,12,61111
9,10,9,10,64373
9,11,9,12,15048
9,12,9,12,29112
9,12,10,13,49947
13,13,9,12,70738
16,7,9,12,49905
10,11,10,12,31277
10,12,9,11,48806
16,7,11,13,82448
10,13,10,13,36442
8,10,9,12,49748
9,11,8,10,71766
10,12,10,13,34633
10,12,8,10,45270
10,15,10,14,54631
11,13,10,12,40582
10,13,9,12,38734
10,13,9,12,27970
9,12,9,12,62171
9,12,10,13,60684
10,13,10,14,58256
10,13,9,13,36332
16,7,9,11,27792
9,10,10,12,36920
9,11,10,11,2927
9,12,10,12,62420
9,10,9,11,1863
9,12,9,10,48204
11,13,10,13,29484
9,12,9,11,44874
11,16,11,15,24880
10,13,10,12,50490
10,13,10,13,48862
10,12,9,8,78586
10,12,9,11,54999
9,11,10,12,72632
10,12,8,10,66245
9,11,9,11,11589
10,13,10,13,61401
16,7,10,10,62916
9,11,9,12,47436
10,13,10,13,57075
9,11,9,12,67517
10,12,10,13,57090
9,10,9,10,77338
9,11,8,10,848
10,14,9,12,64909
10,12,10,13,75681
8,10,8,10,66668
10,12,9,12,40230
9,11,9,11,56726
9,12,9,12,2953
9,13,9,13,75842
9,11,10,12,81674
9,13,9,12,40053
9,11,10,13,2078
10,13,11,13,39622
9,13,11,17,80049
10,13,9,12,31372
9,12,16,7,47483
9,11,9,11,46030
10,13,9,11,69374
10,13,10,13,31944
9,11,9,12,8063
9,12,9,12,32600
10,13,10,13,51884
8,10,10,12,38370
10,14,11,13,38266
9,11,10,13,31335
9,12,10,11,76714
9,11,9,12,74381
11,13,10,12,17397
10,12,9,12,29139
13,13,11,13,69952
16,7,9,12,67102
9,11,10,12,9497
16,7,9,12,54725
9,11,9,11,3280
10,13,10,13,57674
10,13,10,13,45301
9,12,10,12,58909
9,13,9,12,71459
9,12,11,17,16114
11,14,10,15,31319
10,13,10,14,47965
9,12,9,13,63273
9,12,9,11,58451
9,12,10,13,70112
9,11,9,11,66208
10,12,10,13,37217
9,12,9,13,21086
9,11,9,11,63354
9,10,9,12,15029
8,11,9,12,27703
8,10,10,12,59811
10,13,11,13,31412
9,12,10,12,36183
9,12,9,12,34982
10,13,10,13,82654
9,11,8,10,43468
16,7,12,12,46799
10,13,9,12,66437
9,11,9,11,43988
10,13,8,10,27481
10,12,10,13,50838
9,11,10,13,50810
11,14,10,13,38839
9,11,12,17,10780
10,13,11,15,77881
10,12,9,11,63896
9,11,9,12,42409
9,12,11,9,58066
9,11,9,12,33694
10,13,10,14,37065
9,12,10,13,37105
9,12,9,12,44886
16,7,9,5,62115
10,13,9,12,67026
11,13,10,12,46025
10,13,10,13,60700
10,13,11,13,26918
13,13,9,12,49988
10,13,11,13,6663
9,12,9,13,42533
9,11,10,12,1903
9,12,9,12,68532
9,12,10,12,27407
9,12,9,12,53564
8,10,11,9,9978
10,12,9,11,37593
10,13,10,13,82994
9,12,10,14,82229
10,13,11,14,64972
10,14,10,13,52154
10,13,10,13,54267
9,12,9,12,68184
10,12,8,10,45264
10,14,10,14,28067
10,13,10,12,51754
9,12,11,14,47815
10,13,8,10,60995
10,12,10,13,38685
8,10,9,11,5628
10,12,10,11,71028
9,11,9,12,71700
10,13,11,14,44679
10,12,9,12,65772
9,12,9,10,38961
10,13,9,12,59771
9,11,10,13,10679
9,10,9,10,70030
10,12,8,11,46096
10,13,10,13,45271
10,13,9,12,74470
10,14,10,13,48335
9,12,9,10,72891
9,10,9,11,75060
9,12,10,12,42382
10,13,10,13,32307
9,12,10,12,22644
9,10,12,10,5757
9,11,9,10,85633
9,12,13,13,48373
9,11,10,12,3439
11,13,10,13,56582
11,13,10,13,37652
10,12,9,12,64721
11,14,11,16,82935
9,11,9,12,85882
9,12,10,12,79240
10,14,10,14,76570
10,13,10,13,48433
10,13,11,13,59268
9,13,10,13,62456
8,11,10,13,74011
10,13,10,13,47105
9,10,9,11,77661
9,11,9,12,43581
11,13,10,13,48571
13,13,10,13,53508
9,10,16,7,61336
10,12,10,12,41703
9,11,9,10,49644
16,7,17,11,80460
13,13,9,12,47748
9,11,10,13,69753
10,13,9,11,85247
12,13,11,14,35618
9,12,10,13,38709
9,12,13,13,33475
9,13,10,13,70003
10,12,10,13,61852
16,7,10,12,52900
10,15,11,15,70327
9,12,10,11,60648
11,10,12,9,12177
9,11,9,12,38877
9,13,10,13,70820
10,12,9,12,42404
9,11,9,12,71292
16,7,8,10,37480
10,13,9,12,42075
10,14,9,13,52458
9,11,11,15,59168
9,11,10,12,51325
10,12,10,13,85518
10,13,9,13,45640
10,13,11,13,62625
9,11,9,11,66568
10,13,9,13,64901
9,13,10,13,78361
16,7,11,13,56542
9,11,9,12,8189
10,12,9,11,34046
13,12,14,11,61387
9,12,9,12,32495
10,13,10,12,73313
9,11,11,9,5827
16,7,16,10,51117
16,7,9,12,36141
10,13,10,13,57966
9,13,11,15,73131
10,12,13,13,51830
13,13,9,12,31284
10,14,10,14,34106
9,12,9,12,44088
13,13,15,9,81471
10,12,9,12,51861
10,13,10,13,56699
9,12,9,10,60773
10,12,8,11,83347
10,12,10,12,50807
9,12,8,11,41526
9,11,9,11,42236
9,13,8,11,44091
10,12,10,12,64250
16,7,9,11,78990
10,12,9,12,45445
9,11,10,12,83876
10,13,9,12,35246
8,11,9,12,76109
9,9,10,10,72817
10,12,10,11,72152
13,13,9,12,43212
10,13,10,13,2380
9,8,8,9,51166
10,12,10,12,68320
10,13,9,12,41848
9,12,9,12,83382
9,13,9,13,59391
10,12,10,13,55577
9,11,10,13,46340
16,7,10,12,76251
10,12,10,13,51498
10,13,10,13,49547
8,10,9,13,77889
10,12,10,13,68399
13,12,13,12,65231
16,7,13,18,83330
10,14,10,13,46383
9,12,10,12,48069
10,14,11,14,68196
10,12,10,13,79526
10,12,9,12,58610
9,12,10,13,43306
10,13,10,13,49956
9,12,11,13,85378
9,12,11,13,33786
10,12,8,10,70102
9,12,10,13,28750
10,14,10,13,41220
11,14,9,12,34628
9,12,9,13,36261
9,12,10,12,35465
10,13,9,13,36634
10,13,12,12,8808
16,7,11,15,68137
9,12,9,11,65846
10,14,9,13,54614
9,12,9,12,62303
8,10,9,11,37760
10,13,10,13,78097
11,13,10,13,40047
10,13,11,15,81923
8,11,10,12,25980
10,12,9,11,66261
10,13,9,13,78891
13,13,9,12,36453
9,12,9,13,48034
10,13,10,13,34545
10,13,9,12,77935
9,11,9,11,38880
10,11,9,13,37477
13,13,18,9,81267
9,12,10,12,25933
9,10,9,11,72952
10,12,10,13,47326
10,13,8,10,39824
10,12,9,12,73898
10,12,11,14,46960
10,12,9,11,25368
10,13,9,12,41297
9,13,9,12,29759
10,13,11,13,76848
9,12,11,16,54701
9,12,9,11,55428
9,11,9,11,55329
10,12,9,11,75272
11,14,10,12,36218
9,13,9,12,37272
9,11,11,8,86216
9,11,9,12,71609
9,12,8,11,45242
13,13,11,12,79210
10,12,10,13,63086
9,11,9,10,71427
9,13,11,13,52132
9,11,9,12,55886
10,13,10,13,76171
10,13,10,13,27547
16,7,9,12,79071
10,13,10,13,64551
9,11,9,12,63338
10,12,9,13,75221
9,12,9,13,20947
10,12,9,12,67184
10,13,10,13,55086
9,12,9,12,18213
9,13,10,14,30267
11,13,10,13,79705
10,13,9,13,62713
10,12,9,12,3012
10,13,10,13,63427
10,13,10,13,39879
10,12,10,12,28402
16,7,10,9,69251
10,13,10,12,60289
9,11,8,10,68983
9,12,10,12,36331
10,12,10,12,31276
9,12,10,12,86322
9,13,10,12,50894
8,11,9,11,54473
10,13,9,11,86169
10,11,10,12,74974
9,12,10,13,79176
11,13,10,14,66080
9,12,9,11,33588
9,11,16,7,46815
9,12,9,11,42986
11,13,10,13,69312
10,12,9,12,25159
10,13,8,10,34387
10,12,10,13,78480
10,12,10,12,69132
10,14,11,16,59912
8,10,9,13,68861
10,13,11,13,60513
9,12,10,13,55938
9,11,10,12,77016
10,11,9,11,45974
9,13,9,12,82354
8,10,9,10,75191
9,12,10,13,81852
10,13,10,14,56895
10,13,10,12,52324
10,14,8,11,41473
9,11,8,11,86089
11,13,10,13,57408
8,11,10,12,51034
10,13,10,12,34551
10,14,11,14,52285
10,13,10,14,56510
9,12,10,12,52956
10,13,10,13,43189
9,12,10,15,44588
9,12,9,12,61278
9,13,10,13,25834
10,15,11,15,9754
9,12,10,13,65509
10,13,10,12,61210
9,12,10,12,76679
9,12,10,13,45645
10,13,10,13,81023
9,11,9,12,9014
9,12,9,13,69108
11,14,11,14,39974
10,15,9,13,74626
10,13,10,13,42917
9,12,10,13,44055
9,10,9,8,1160
10,13,10,14,49980
10,13,10,13,50293
10,13,10,10,83440
9,11,9,12,28709
16,7,9,12,39590
16,7,14,11,72120
10,14,9,12,27316
10,13,10,13,38625
9,12,10,13,78199
10,12,10,12,9167
10,13,9,12,58948
10,13,13,13,19754
9,12,10,12,37669
9,11,9,12,6447
10,12,9,12,61360
10,11,9,11,70943
10,12,10,12,42018
10,12,9,12,85646
9,12,9,11,71438
10,12,10,12,40131
10,12,9,12,33805
9,11,9,11,59198
9,12,9,11,61814
9,12,10,12,35948
9,13,9,13,67790
11,13,10,13,44965
9,11,10,12,3773
10,12,11,13,61540
9,11,10,11,83029
9,11,9,11,54164
8,10,9,11,64743
9,11,10,12,65212
9,11,9,10,49839
10,13,10,12,41057
16,7,16,7,71644
9,11,9,11,60243
10,12,9,11,57160
10,11,10,11,57627
9,11,9,12,78018
9,10,9,12,51802
10,13,11,14,32280
10,13,10,12,85916
10,12,8,10,62231
11,13,10,12,25348
11,14,10,13,54430
9,11,10,12,3061
9,13,10,13,34840
9,11,9,11,33441
9,11,10,11,34536
10,13,10,12,54595
10,13,3,9,53236
10,13,10,11,55152
10,13,10,13,60536
10,12,9,11,48087
12,13,9,12,53133
9,12,9,11,63973
9,13,9,9,76228
10,13,11,14,58460
10,11,9,11,54172
10,13,10,13,3809
10,13,9,12,44642
10,13,10,13,46577
9,12,9,12,61817
10,12,10,12,59903
13,13,12,12,86276
9,11,8,10,35588
10,11,9,11,53885
10,12,9,11,60992
10,11,9,11,28508
9,11,9,10,57350
9,11,9,11,7415
9,12,10,13,65824
10,13,9,12,52048
16,7,16,9,46364
9,11,9,11,48781
10,13,11,13,61891
10,12,10,13,10056
9,13,10,13,57516
9,12,9,10,70228
9,12,10,13,75594
9,12,9,12,13924
11,13,9,13,47432
9,11,10,13,35312
10,12,9,11,42911
16,7,13,8,66659
16,7,10,12,74143
9,10,10,12,69997
10,12,9,12,65550
9,12,9,13,54148
10,13,10,13,35975
9,12,9,8,3948
9,11,9,11,45085
10,13,10,13,60900
10,12,10,12,56712
10,13,10,14,75544
11,13,10,13,36448
10,12,10,12,77997
10,13,8,10,75802
10,11,9,12,75469
10,13,9,12,37157
9,10,10,13,86121
9,11,10,14,68244
10,13,11,14,76804
9,12,10,13,75398
9,11,9,11,62405
10,12,9,12,55126
10,12,10,13,25281
11,11,11,11,33793
9,12,9,12,67494
10,13,10,13,66782
16,7,10,12,72299
9,11,9,12,31815
10,12,8,10,46270
9,11,10,12,71250
16,7,12,6,48894
10,12,10,13,54733
10,13,10,13,54480
9,12,11,13,73202
9,12,10,13,68290
10,13,9,12,53700
9,11,9,11,74831
9,10,8,10,76796
8,10,9,11,85715
16,7,11,14,21873
10,12,9,12,44426
10,12,10,12,14972
10,13,11,14,61865
9,13,10,14,54572
10,12,9,12,55610
8,11,9,11,83086
9,12,9,12,43237
8,10,9,12,45648
10,13,9,12,48255
10,14,10,13,33750
9,11,9,12,50295
9,11,10,12,4527
9,11,9,11,78610
9,10,16,7,45363
9,12,10,13,57369
10,12,10,12,64995
9,12,9,11,40181
9,12,10,12,84139
10,13,10,13,71722
9,12,10,12,53781
16,7,9,12,48601
10,12,9,12,36118
9,12,9,12,43223
13,13,8,10,49724
10,13,10,12,48433
9,12,9,13,57172
10,13,10,12,34220
11,13,10,13,63602
9,12,10,13,64873
16,7,15,9,55288
10,12,10,12,74844
10,13,10,13,54759
10,12,10,13,62423
16,7,9,12,58252
9,11,10,13,61317
10,13,10,12,41726
10,12,10,13,57066
10,13,10,13,59786
13,13,9,11,48742
9,10,9,12,479
9,12,9,12,54038
16,7,11,15,64204
9,13,10,15,75288
9,12,9,12,47299
9,12,10,13,57211
10,13,10,14,35374
10,11,9,11,42634
9,12,9,12,77115
10,13,10,13,76232
10,13,10,13,27813
9,11,9,12,40947
13,13,9,10,35958
9,10,8,11,46259
9,12,9,12,66004
8,10,15,9,36004
9,11,9,12,83967
10,12,10,14,50707
9,12,9,11,46012
10,13,10,12,35165
10,12,9,12,74877
10,13,9,11,72379
9,11,9,8,77670
10,13,10,12,54499
9,12,10,12,54795
9,11,11,13,10986
9,10,9,11,79914
10,12,13,13,29199
10,14,10,13,38084
10,12,9,12,28203
10,13,10,12,52460
9,13,10,14,64853
10,12,10,12,23853
9,12,10,12,73126
10,13,10,13,64512
16,7,10,13,29303
16,7,9,12,47381
8,11,10,12,39711
9,11,12,17,73155
9,11,10,12,75006
13,13,9,10,79872
8,10,9,10,75690
9,12,10,12,41020
10,13,11,13,62578
10,13,9,13,46688
9,11,8,10,51460
10,14,11,13,51750
13,13,10,14,68954
16,7,3,9,53584
16,7,13,13,64808
9,12,8,11,72441
9,12,10,12,61941
9,13,9,12,78265
10,13,9,12,70462
8,10,9,12,69704
9,11,10,12,3057
10,12,10,12,32584
16,7,11,16,82789
16,7,10,12,1274
9,11,9,10,80763
9,11,10,12,77621
9,12,9,12,49682
9,13,10,14,83103
9,12,11,14,69318
10,13,8,10,57063
9,11,9,12,77848
10,13,10,12,49439
9,11,9,10,76356
11,13,9,12,43601
10,13,9,12,69646
10,13,10,12,63712
10,13,10,13,57131
10,13,10,14,38416
10,12,9,12,83926
9,12,9,11,33860
10,13,10,13,47925
9,12,13,13,48854
10,14,10,14,55911
9,12,10,13,77997
10,12,9,10,56554
9,12,10,13,51182
10,13,10,13,46288
10,13,13,13,60779
16,7,10,12,64781
9,12,10,12,71136
9,12,9,11,44035
9,12,9,10,74784
11,13,9,12,65
10,14,10,13,53829
16,7,8,11,27920
9,12,11,15,75214
11,14,10,11,20602
9,11,10,11,75194
10,12,10,13,14131
11,13,9,12,46058
9,11,9,11,33848
11,13,10,13,42805
10,13,9,12,55080
9,12,9,11,77097
10,12,10,12,60683
11,13,8,10,73039
9,13,9,13,137
9,12,9,12,38242
9,11,8,11,66443
9,12,8,10,65806
9,10,10,10,86212
9,13,10,13,50305
10,13,10,14,75392
10,12,10,14,80747
11,13,10,12,33804
9,11,10,13,55475
16,7,14,11,68979
10,13,9,12,74064
9,11,10,13,44777
10,12,10,13,30385
9,13,10,13,78062
9,11,10,9,8670
9,12,9,10,42628
9,10,9,12,38171
9,11,9,11,70804
9,12,9,12,47788
10,13,11,14,44048
10,13,10,12,44291
16,7,12,6,45546
10,13,9,12,63407
10,12,8,10,46671
16,7,10,12,32249
9,12,9,12,52422
10,13,9,12,69495
10,13,10,12,56442
10,12,9,12,59880
9,12,10,13,36517
9,13,10,12,71372
10,13,10,13,48464
8,11,9,12,78176
13,13,9,13,76501
13,13,10,12,3086
10,11,9,11,42617
9,12,10,12,73020
9,12,9,11,32241
9,12,10,12,76558
9,10,9,12,65443
10,12,10,12,71203
10,13,9,12,44028
10,12,9,12,62092
10,12,10,13,2755
9,12,10,12,63851
10,13,9,11,38054
10,14,10,13,52890
9,11,9,11,77229
10,12,11,13,37568
10,13,10,13,31363
10,13,10,12,53492
9,11,10,14,37833
10,12,9,13,54121
9,11,9,12,55950
10,13,11,13,58479
10,12,9,11,32997
10,13,9,12,49497
9,11,10,9,517
10,13,10,13,34332
10,13,10,13,50656
10,13,10,13,24737
10,13,10,13,33483
10,13,10,12,25135
9,12,9,11,52759
10,13,10,13,57013
10,13,11,14,37230
9,12,8,10,15275
16,7,10,8,80307
10,12,10,13,37574
10,13,11,14,54720
10,14,9,12,35478
9,12,10,13,6518
10,13,10,13,54351
9,13,10,12,31618
9,12,9,12,8901
10,13,11,13,73538
10,13,10,13,33996
10,13,10,13,41636
13,13,11,11,83061
9,12,9,12,56246
10,13,10,13,52667
9,12,9,12,39012
10,12,9,12,70323
10,13,9,13,80798
13,13,10,13,54425
10,13,11,12,40671
9,12,9,11,68456
8,11,8,10,80445
10,14,10,13,26351
9,12,10,13,45242
10,13,10,13,35475
9,11,9,11,73011
9,12,10,13,84055
9,12,10,13,53009
10,13,10,13,39318
9,11,9,12,41792
11,13,9,13,53972
9,11,8,10,8610
11,13,10,13,37250
9,13,9,13,25955
11,14,10,13,66645
10,12,10,13,27423
10,14,9,13,31135
8,10,9,12,44563
10,12,9,12,67652
8,11,9,12,57702
11,13,9,13,33188
10,12,10,7,62410
9,12,8,10,72957
9,12,9,12,32536
9,12,10,12,82605
9,12,9,11,55007
9,10,10,14,8868
9,11,8,11,6429
10,13,11,13,23143
10,14,9,11,65638
10,13,10,13,54937
10,13,10,13,68765
10,13,10,13,39965
8,10,11,14,78284
10,14,11,11,325
16,7,9,9,73013
9,12,9,12,37574
9,11,9,11,59075
9,12,10,13,77393
13,13,10,14,32953
10,13,10,13,85357
9,12,9,12,6393
10,12,9,11,20085
9,12,10,13,77794
9,11,9,12,33829
10,13,10,12,56140
10,13,10,12,44825
9,12,9,11,60123
9,12,10,12,30448
10,13,9,11,65277
11,13,16,13,72833
9,11,16,7,51370
9,11,9,11,50112
9,10,16,7,50563
10,13,10,13,70758
10,13,9,12,39069
10,11,9,12,39666
9,13,9,12,48480
9,10,10,12,8168
10,13,9,13,37345
10,12,10,12,72243
9,12,9,13,82010
10,13,10,13,45297
10,12,10,14,75279
9,12,9,12,57706
10,12,9,11,49018
9,13,10,13,77857
10,13,11,13,44402
10,13,10,13,60448
13,13,11,13,77159
9,13,10,13,49491
9,11,9,12,69242
10,13,9,12,71998
16,7,10,10,73411
10,13,9,11,46253
9,11,10,13,5327
8,10,9,12,45713
10,12,10,11,41146
11,14,11,13,19508
16,7,9,12,44804
10,12,9,12,65873
10,12,9,11,49507
9,11,8,11,55986
11,13,9,13,56218
10,13,10,13,55018
10,13,16,7,72829
16,7,9,8,68951
11,13,10,13,31998
10,13,10,12,57397
8,10,8,10,69082
9,11,9,11,80051
10,12,9,12,38653
10,13,9,13,49132
9,12,10,13,38043
9,10,9,11,48930
9,12,9,12,72264
9,12,9,12,41510
9,11,10,12,24136
9,11,9,12,56134
9,10,9,11,86296
9,12,9,12,66782
10,12,9,13,70380
10,12,16,7,48252
9,12,9,13,66766
9,11,8,10,63989
9,11,10,13,30509
10,12,16,7,42674
10,13,9,11,65933
10,12,10,12,50159
10,13,10,13,44423
11,13,10,13,30657
9,11,10,12,43595
10,12,9,11,42462
10,13,9,13,53562
9,12,10,14,70634
10,13,10,12,69370
10,12,10,13,31350
10,12,10,11,77271
9,12,9,12,2803
10,12,10,12,39724
9,12,10,13,41260
9,11,8,11,80215
10,14,10,12,50913
10,13,10,13,53377
10,14,9,13,46346
9,13,9,13,51500
9,11,9,11,80115
13,13,9,12,54120
10,12,10,13,80552
10,11,9,12,37482
10,12,10,13,25449
10,13,8,10,48798
10,12,17,12,79606
10,13,9,13,33098
11,13,9,12,33709
10,13,10,13,46314
10,13,9,12,65095
10,12,9,13,30218
9,12,9,11,64358
8,11,9,11,58052
10,13,10,13,51706
9,11,10,13,53168
9,10,10,9,77428
16,7,10,5,26148
10,14,10,13,25253
9,11,9,11,65989
9,11,9,12,51163
10,12,9,12,79631
16,7,10,12,43867
10,13,9,12,32292
9,10,8,10,56762
12,7,11,8,22011
9,11,9,12,44946
9,11,8,10,74091
13,13,10,14,34635
11,13,10,13,57284
10,13,10,13,53327
9,11,10,13,83374
10,12,9,11,69705
9,12,9,12,44880
9,12,9,12,68250
10,12,10,13,64433
8,10,8,10,26359
9,11,10,11,71930
9,12,9,11,71475
10,11,9,11,73002
10,12,9,10,71491
10,13,14,18,52893
10,13,10,13,44925
10,12,8,10,46372
10,12,10,13,56725
10,12,10,13,77412
10,12,10,11,73986
9,11,8,10,54170
13,12,14,11,2810
9,12,8,10,61328
10,13,11,13,42225
10,12,10,13,39208
10,12,9,12,66316
9,12,10,13,80679
9,11,11,11,56930
9,11,9,12,42768
9,11,9,12,5084
13,13,13,10,3944
10,13,10,12,57503
9,12,8,10,48465
10,13,8,11,54164
9,12,8,11,69611
9,12,10,12,71598
9,12,9,11,69663
9,11,9,9,86333
10,12,9,13,57993
9,11,11,13,56184
10,13,9,12,79474
9,12,13,13,59032
11,13,10,13,58840
9,11,9,12,61893
10,12,9,11,45615
16,7,9,8,36301
10,13,10,12,51607
10,13,10,13,55829
9,10,9,12,59722
8,10,8,10,31327
13,13,11,11,83964
9,13,9,12,77033
10,13,9,12,47802
10,12,10,12,55276
9,10,10,12,53304
10,12,9,13,53092
9,11,9,12,29382
10,12,13,13,20312
9,12,9,8,84111
10,12,10,13,38516
10,12,9,12,72540
10,13,9,12,41674
10,14,10,13,14828
8,11,9,12,67757
9,11,9,9,76677
10,13,10,13,39649
9,12,10,14,79906
10,12,10,13,60566
10,12,9,13,80444
16,7,9,12,52031
13,13,9,12,71553
9,12,9,12,32862
9,12,10,13,67553
10,12,10,12,43229
10,12,10,13,33365
8,10,9,9,80174
10,14,10,13,40133
10,12,10,13,41281
9,12,10,13,27518
10,12,10,12,70800
10,13,10,13,52375
8,11,9,12,71565
10,14,10,12,68638
12,12,9,12,47238
8,10,8,10,53823
10,13,10,12,81085
10,13,10,13,83816
9,11,10,12,56291
9,11,10,12,61077
10,15,11,14,39646
10,12,8,10,85014
10,13,10,12,39260
9,11,10,12,86043
10,13,9,12,22003
9,12,10,11,85590
8,10,9,10,45091
13,12,10,13,65893
10,12,8,10,32582
11,13,10,14,48718
10,12,9,13,62668
10,13,11,14,50885
9,11,10,12,76386
10,13,9,12,19609
9,13,10,15,85765
9,12,10,12,58429
9,13,11,13,69688
11,14,11,14,64313
9,13,9,12,34690
8,11,9,6,35824
9,11,8,10,69927
10,13,9,13,61476
9,11,8,10,56303
9,11,9,11,12005
9,12,9,11,49266
9,11,9,12,74653
9,11,8,10,3192
11,13,10,13,42757
10,12,9,11,67252
9,11,8,11,73360
9,12,11,15,2342
9,12,10,12,15611
9,11,9,12,48380
9,11,9,12,24999
11,14,9,13,56088
9,11,11,11,46560
10,13,11,13,48927
10,13,10,12,54236
9,12,10,12,44085
9,11,9,11,69755
9,12,10,13,40599
10,13,10,12,58105
10,13,10,13,77045
10,13,10,14,66508
10,13,9,12,64333
10,13,9,11,54799
9,12,9,11,79716
10,14,11,13,54425
9,12,9,11,82910
10,13,9,13,62935
10,13,11,14,68459
10,12,9,11,44885
13,13,9,12,49698
9,12,10,13,41964
10,12,10,14,82562
9,11,9,11,47791
8,10,10,12,54083
10,11,11,14,70540
16,7,10,14,80669
9,12,10,13,68931
9,12,9,12,56801
9,13,9,12,51961
10,12,11,13,63572
10,13,9,12,54096
9,13,10,14,24416
10,13,10,12,51917
10,12,10,13,73055
10,13,10,12,47352
9,13,10,13,67346
9,12,10,13,40628
8,10,8,10,37941
9,12,9,12,64996
10,13,10,13,72616
10,13,10,12,66428
10,12,9,11,72298
9,13,9,13,69161
10,12,9,9,59057
9,12,10,12,72928
10,13,10,13,81204
10,13,9,12,71557
10,12,9,12,75993
8,10,9,12,67573
9,12,10,13,25907
9,12,9,12,75675
9,11,10,11,26590
9,12,16,7,42001
10,13,10,14,79400
10,13,10,13,35456
10,12,9,12,60276
9,11,9,11,60612
10,13,9,12,40446
9,12,12,16,47595
10,13,10,12,30205
10,12,8,10,58196
10,13,10,12,66149
9,12,10,14,69160
9,12,10,13,72242
16,7,10,12,43034
10,14,10,14,42270
10,13,10,12,58225
9,13,9,12,38737
9,12,9,12,58003
10,13,9,10,52562
9,12,10,12,66044
10,13,11,14,74710
10,13,10,11,83620
9,12,10,12,54828
10,13,11,13,46145
10,13,10,13,74176
9,13,10,15,70237
11,16,10,14,61452
16,7,9,12,56707
10,13,10,14,56294
10,12,9,12,41344
10,12,10,13,64816
10,13,11,15,57007
10,11,10,12,58823
10,12,3,9,29643
10,12,9,12,80023
10,12,8,10,40829
9,12,9,12,56478
9,12,9,12,63352
9,11,9,13,77805
8,10,9,11,45851
10,12,9,11,48324
9,11,9,11,71623
9,11,9,12,46464
9,12,9,12,73612
9,12,9,11,34085
9,13,10,13,54166
10,12,9,12,49691
10,11,10,12,42549
9,12,8,10,80602
10,14,11,15,49500
16,7,9,12,60494
9,11,8,10,53267
10,13,10,13,64079
9,13,10,12,30903
9,13,10,13,61791
16,7,18,9,34202
9,12,10,13,31986
10,12,9,12,51394
10,13,11,14,60892
10,14,9,12,74770
10,13,9,13,66371
8,11,10,13,59079
9,11,10,12,78063
9,12,10,11,67737
9,12,9,12,19454
9,12,11,13,54360
16,7,11,9,21111
16,7,9,9,75445
10,13,10,13,42866
9,12,8,11,68666
10,13,11,13,72193
16,7,11,8,78768
10,12,10,13,35353
9,13,9,13,47550
9,11,9,9,66284
10,12,10,13,69369
10,12,9,11,76850
10,13,9,11,41749
9,11,9,10,2848
11,13,10,13,40561
10,13,10,12,78870
10,12,10,12,19871
10,13,9,11,44364
9,12,9,11,85865
10,12,10,14,63803
9,12,8,10,78309
9,11,10,12,58912
9,10,9,13,77565
10,13,10,13,52287
10,14,10,13,36502
9,12,10,12,34279
9,12,9,12,27662
9,12,9,12,56418
9,12,10,13,70312
9,12,9,11,63233
10,13,11,11,54819
10,12,10,10,85972
9,13,9,12,28517
10,12,10,13,28007
10,13,10,13,47903
10,12,11,12,54669
9,12,9,12,62774
10,13,10,14,67998
9,11,9,11,48547
10,13,9,12,41658
9,12,9,11,6293
10,12,9,12,49385
8,10,9,11,15089
10,12,9,12,32159
10,13,10,13,70059
13,13,9,12,53349
16,7,16,9,53073
10,13,10,14,69450
10,12,10,13,48030
10,14,16,7,56577
10,13,9,12,45752
10,13,11,13,53583
10,12,9,12,47461
9,11,9,11,68186
10,12,10,13,67503
10,14,11,13,54752
10,13,9,13,56129
10,12,10,12,66248
10,13,10,14,55544
10,12,9,12,31138
9,11,10,12,26363
10,12,10,12,29810
16,7,9,11,31020
9,12,11,8,1223
11,13,11,15,54648
10,11,10,13,2288
9,12,10,12,39418
10,13,9,11,69588
10,12,10,13,34917
10,13,10,14,31980
9,12,10,13,44646
10,14,10,14,54668
9,11,10,14,48389
9,12,10,13,52770
9,12,9,12,30962
9,12,9,12,75227
9,12,9,8,53904
16,5,10,11,39497
10,12,9,12,46692
9,12,9,12,83133
11,13,11,11,21298
10,13,10,14,50308
17,12,16,13,49069
10,13,9,12,30844
9,12,10,12,82613
11,13,12,12,75577
9,12,10,12,52946
9,11,11,14,47758
16,7,9,8,56828
9,13,10,13,64040
9,12,8,11,69928
10,13,10,12,66695
9,12,16,7,56813
9,13,10,13,40932
10,12,10,13,68363
10,13,9,13,46128
10,13,11,14,49187
10,12,10,13,51370
10,12,11,12,75786
16,7,17,8,29575
10,11,10,12,50240
9,11,9,11,75169
9,12,10,12,63566
10,13,10,13,35293
10,14,10,13,61333
10,12,10,13,46869
9,12,11,13,66241
10,13,10,12,69041
10,13,10,13,71035
10,13,9,13,25965
8,10,8,11,27375
10,12,10,13,47373
9,11,11,8,3968
10,13,10,13,34572
10,13,10,13,49470
9,12,9,12,49049
10,12,9,12,42438
10,13,10,13,4210
16,7,13,13,80850
9,12,10,13,59128
10,13,10,11,42820
13,13,9,11,82892
9,11,9,12,6803
9,12,9,12,49004
9,11,9,12,85709
9,13,9,13,55977
10,13,10,12,79543
10,13,10,13,46643
11,16,10,12,27855
9,11,10,11,10665
9,12,10,12,27171
9,12,10,13,3660
10,12,9,12,76292
10,13,10,14,72736
10,12,9,12,38386
9,12,9,12,70508
11,14,11,15,48811
9,11,10,14,76354
9,10,13,17,18301
9,12,10,12,28801
10,12,11,13,82800
10,12,10,13,41150
9,12,9,12,37890
10,13,10,13,63248
10,13,10,13,62951
9,11,11,14,76656
8,10,10,13,49123
10,13,10,13,56454
10,12,10,11,65233
9,13,10,11,31175
9,11,9,12,21245
10,12,10,13,68228
10,12,9,12,43932
11,13,10,13,72092
9,11,9,11,6900
10,12,9,11,65287
10,13,10,14,55388
16,7,17,10,64124
8,10,9,12,54871
9,12,10,12,41574
10,12,9,10,47054
9,12,10,13,68990
10,12,9,12,79027
10,13,8,10,57106
9,12,10,13,53563
10,13,9,11,64370
10,14,10,15,36694
9,13,10,13,44003
10,13,9,13,69015
9,12,8,10,57318
10,13,9,12,62895
9,11,11,13,64734
9,12,10,12,25997
10,13,9,12,52875
8,10,9,9,71327
10,13,10,14,68419
8,10,8,10,66549
10,12,13,13,56534
16,7,9,12,55625
9,11,9,12,53698
13,13,10,12,76806
11,13,11,14,24918
9,11,11,14,18698
9,12,9,12,73993
9,11,9,13,83172
13,16,12,14,38246
9,12,9,13,50862
16,7,11,13,4712
10,13,10,14,38958
16,7,16,9,62940
9,13,10,12,82346
14,11,8,10,82192
9,12,9,11,33837
9,12,9,12,63098
9,12,9,11,52543
9,12,9,12,8277
9,12,10,12,40190
10,13,10,13,79682
11,13,13,13,34975
9,12,9,12,58972
9,12,9,11,80550
10,13,12,12,66310
9,12,10,13,31256
9,12,10,12,66495
9,11,9,9,11828
9,12,8,10,69769
10,12,10,13,27809
8,11,9,10,74597
10,13,10,13,45658
10,12,10,13,42115
10,13,9,12,38357
10,13,9,11,43515
10,13,9,12,43028
11,13,10,13,60968
9,12,11,15,61862
10,13,10,13,43809
9,12,9,12,30353
9,12,10,8,5663
9,12,9,10,61079
10,12,9,11,70602
10,13,10,13,68582
10,12,9,11,43837
9,12,9,11,40615
10,14,10,15,83765
9,11,10,12,72960
10,13,10,13,12599
9,11,11,14,24440
8,10,10,12,49567
9,12,9,11,66185
10,13,10,13,28853
10,12,10,12,41405
10,13,10,13,55082
9,12,9,12,82622
10,12,10,13,46999
10,12,9,13,57756
9,11,9,11,83572
10,13,9,10,41266
9,11,9,11,61097
11,13,9,11,48788
11,14,10,13,27257
9,10,9,10,67239
10,14,9,13,49628
9,12,9,12,57113
10,13,10,15,41689
9,12,10,13,47027
9,12,11,13,15240
9,11,9,12,75883
9,10,10,11,44306
10,12,11,13,37752
11,14,10,13,50157
9,13,11,17,67798
11,13,10,13,46916
9,11,9,11,79952
10,13,10,13,44387
10,13,10,13,37278
11,4,16,7,39811
10,12,10,12,60880
10,14,9,12,44133
10,11,9,11,49177
9,12,10,11,32259
10,11,9,12,65231
10,12,10,12,55228
9,10,9,12,73692
10,12,10,13,73047
10,13,11,13,56801
9,11,9,11,51412
9,12,10,12,78086
10,13,11,14,68919
9,11,9,13,120
9,12,10,12,59892
8,10,9,10,68764
10,13,10,13,75864
10,12,10,12,42813
9,11,11,14,82474
10,12,9,11,67809
13,13,10,13,68678
10,11,9,12,61311
10,13,10,13,67815
10,13,9,12,53156
9,11,9,12,53130
10,14,9,12,81698
9,12,9,11,57519
9,12,9,13,67736
11,13,10,13,75239
9,12,9,10,26372
11,13,10,14,41596
9,12,9,11,34802
9,13,9,12,62354
9,11,10,12,12880
9,13,10,13,30901
10,13,10,13,61635
16,9,10,14,73594
10,13,10,13,48979
13,13,12,18,72071
9,11,9,11,6373
10,13,9,13,53611
9,11,9,11,71385
9,12,13,13,52680
9,12,10,13,64906
9,13,10,13,36830
11,14,11,14,41120
10,12,10,13,25826
9,12,9,12,85347
10,13,10,12,53556
16,7,14,12,22626
11,13,9,10,41682
10,13,10,12,62895
9,11,10,12,62114
9,12,10,14,59379
9,11,13,13,18601
10,13,10,12,39936
9,12,12,19,79653
8,10,9,11,85223
10,13,9,13,54971
10,14,9,13,46562
13,13,11,11,83906
9,11,11,13,83238
9,12,10,13,59437
9,11,10,12,78869
9,12,9,12,15253
10,13,10,11,41611
10,12,10,11,35937
10,13,11,13,81629
9,11,9,10,45210
9,11,9,11,56730
16,7,9,12,54008
10,12,11,13,43159
10,13,9,12,55671
13,13,9,10,27626
10,13,10,12,57329
10,13,9,11,395
9,12,9,12,55079
10,13,10,13,68621
9,11,10,15,38192
10,14,10,14,55902
9,12,9,12,85615
10,12,9,10,63699
10,13,9,11,53416
10,13,10,12,27855
9,13,13,13,37821
9,12,10,11,52539
9,12,9,12,67800
9,10,9,11,7103
8,10,9,12,61202
9,11,9,10,42078
9,12,9,12,36264
10,12,9,10,60138
13,13,10,13,57732
9,12,9,12,53626
10,13,9,13,70094
10,12,10,14,62305
9,11,9,10,75336
9,12,9,11,58095
10,12,9,12,51197
8,10,9,12,32913
10,12,9,12,67556
9,12,8,11,78048
10,11,9,13,22523
11,13,10,13,35546
9,12,9,12,65346
13,13,9,11,79839
10,11,10,11,60822
9,12,10,12,79688
9,12,10,12,64066
10,12,10,12,63002
10,14,10,13,33299
9,12,9,12,65849
11,14,11,14,82048
9,12,10,14,68391
10,14,10,13,43117
11,13,9,12,707
10,12,10,12,57372
10,13,9,11,34171
9,12,9,12,46231
11,13,10,13,50021
13,13,10,12,59044
9,10,10,12,71328
9,12,9,13,44372
10,12,9,13,81400
16,9,10,13,41083
10,12,9,11,49902
9,11,10,15,16013
10,13,10,13,76340
10,13,10,13,58263
10,13,10,13,63883
10,13,11,12,76311
9,11,10,12,86366
9,12,10,12,50344
9,11,10,12,37078
9,11,9,12,83544
10,12,10,11,77613
10,13,10,13,36696
9,13,10,12,55738
10,13,10,14,58521
13,13,10,12,47629
11,13,10,13,65638
10,12,10,12,76958
8,11,13,13,39449
10,13,10,12,33453
9,10,9,11,70968
9,12,9,12,78676
11,13,10,13,42372
10,13,9,12,61939
9,11,9,10,80514
10,12,9,13,65195
9,12,9,12,56749
10,12,10,12,69604
9,11,8,10,81462
10,13,10,14,36188
10,14,10,12,25776
10,12,9,12,51549
9,13,10,13,38905
10,12,10,13,59014
10,10,9,11,3963
10,12,9,12,53747
12,10,9,11,7740
9,12,9,12,53208
10,13,11,13,60113
10,14,10,15,75338
9,11,9,12,61700
11,13,10,12,36805
11,14,11,14,41989
10,13,11,13,81091
9,12,9,11,44768
9,11,9,11,59724
9,12,9,12,81850
9,11,9,11,80894
10,13,10,12,28433
10,11,9,12,52676
10,13,9,12,70688
9,13,10,13,68720
10,13,9,12,35679
11,13,9,10,42489
16,7,10,15,74766
10,12,9,12,48304
13,13,9,12,594
11,13,11,13,62572
9,12,10,14,37634
11,14,10,13,60723
16,7,13,8,53364
16,7,16,9,75734
10,12,11,11,32319
13,13,9,12,54794
10,12,9,12,51475
9,12,9,13,40893
10,12,10,13,13768
10,14,9,13,48134
9,12,9,13,32775
10,12,9,11,72831
9,12,9,12,61944
9,12,9,13,67411
9,10,9,9,6551
10,13,11,11,82945
16,7,9,13,65672
9,12,10,12,76583
10,12,10,11,3300
10,12,9,11,43988
10,14,11,14,68327
9,12,10,13,58960
9,11,9,12,23436
8,10,9,12,54533
9,12,9,12,80458
10,11,9,10,53533
9,11,10,12,56957
10,12,9,11,72718
16,7,16,9,58212
9,12,10,12,45701
9,11,9,11,1122
10,13,10,13,44072
9,11,9,11,37396
10,13,9,12,65417
10,13,10,13,60882
9,11,10,11,71575
11,13,11,14,59734
10,13,11,13,34883
10,13,9,11,77767
9,13,9,13,76515
16,7,19,12,80637
10,13,10,13,61515
10,12,8,10,65912
14,11,13,11,83730
11,13,10,11,54185
9,11,9,11,1331
9,12,9,13,2455
9,12,10,12,46477
9,9,9,11,85361
9,10,8,10,77700
9,12,10,12,77280
8,11,12,9,10668
10,12,10,13,22105
9,12,8,10,24985
10,13,10,13,60269
10,13,10,12,57066
9,12,9,12,46173
8,10,9,12,50042
9,11,9,10,1100
10,14,10,15,66274
10,15,11,16,24017
16,7,10,12,59061
16,7,9,12,71636
11,14,11,14,34565
10,14,10,15,29612
9,13,10,13,82030
10,12,9,12,65230
10,13,9,12,47635
11,13,10,13,53578
10,13,9,12,36661
9,11,10,12,39604
16,7,9,12,57345
9,11,9,12,85606
9,13,9,11,58095
10,12,9,13,62487
10,13,9,11,58122
9,12,11,14,44919
10,12,10,13,36042
10,13,12,12,67325
9,12,10,12,58060
9,11,9,12,70275
9,11,9,10,60695
10,12,9,12,71336
10,13,9,12,27652
11,13,10,13,23689
9,13,10,13,71358
9,12,9,11,60474
10,12,10,13,39310
10,12,13,13,51774
9,12,10,13,67561
9,11,10,12,51606
9,12,9,12,31650
10,12,10,12,39251
10,13,14,12,32439
9,12,9,11,70552
9,12,9,11,77189
9,12,9,13,43345
10,12,10,13,4891
9,12,9,11,62806
9,11,10,10,62929
10,13,10,14,57666
9,12,10,13,77396
9,12,9,12,13426
9,11,9,10,68372
9,12,10,12,24598
8,10,10,12,41933
11,11,14,9,65689
10,12,10,12,64582
10,13,10,12,47777
9,11,9,11,61893
9,12,9,12,74259
9,10,9,11,85032
9,13,9,13,35804
11,13,9,11,69383
9,12,9,12,40886
10,15,10,13,35056
9,13,11,13,63242
10,14,9,13,55028
10,12,10,12,42463
10,13,10,13,54595
10,12,10,12,44313
9,11,9,11,72991
8,10,10,12,63819
9,12,10,14,63922
9,12,10,13,53811
9,11,10,12,7994
10,12,10,13,61098
9,11,9,11,2876
10,13,10,14,66636
10,13,11,15,64128
9,10,9,11,56119
10,13,10,12,26910
9,12,10,12,25598
9,10,9,11,49758
10,12,10,14,86176
9,12,9,13,68889
10,12,9,11,77258
9,12,10,13,68967
9,12,9,12,8915
16,7,16,7,55948
9,11,10,12,59606
10,12,9,12,57275
16,7,11,8,77757
10,12,12,12,81658
9,11,13,13,37396
10,13,9,11,75663
9,12,9,11,71450
10,13,10,13,62828
9,12,16,7,16252
10,12,10,13,55138
10,13,11,12,553
8,10,9,12,52413
11,13,10,12,38456
9,11,10,12,58402
9,12,9,11,73433
10,13,10,12,35384
10,13,9,13,83230
10,13,9,12,64593
10,12,9,12,57643
16,7,10,10,77884
9,12,9,11,61225
9,11,12,14,72526
10,13,9,12,37036
10,13,10,13,80561
10,13,10,12,69563
9,12,10,14,60363
9,12,10,12,84411
10,13,9,12,85241
13,13,9,11,83083
9,12,9,12,61268
16,7,9,13,59340
10,13,9,12,73980
9,13,10,13,32602
10,13,9,11,38354
9,13,10,13,62966
9,12,9,12,47837
9,11,10,12,76456
10,13,10,14,67878
10,13,11,13,43342
16,7,14,11,79127
11,13,9,12,44304
9,12,9,12,83491
10,11,10,14,66642
9,12,9,11,32882
10,13,11,13,63636
11,14,9,12,42323
10,11,10,13,4383
11,13,10,12,38546
13,13,11,13,21351
9,11,11,13,13131
9,11,9,11,64582
10,13,10,13,72423
9,13,9,13,52044
10,13,10,12,28054
9,12,10,12,61802
9,11,10,12,62528
9,13,10,13,67094
10,13,11,13,41637
9,11,10,13,39448
10,13,10,13,31415
13,13,11,11,66452
9,11,10,12,42875
9,11,9,11,52966
10,12,10,12,38121
10,13,16,7,29252
10,11,10,11,62242
10,12,9,11,39522
10,12,10,12,42640
13,13,10,13,63399
13,13,3,9,42458
9,11,9,11,70148
9,11,9,11,1143
10,13,11,13,52394
10,12,9,12,84930
10,13,10,12,70188
9,12,9,13,14995
10,13,10,13,67026
9,12,9,12,53255
9,11,9,12,65405
10,12,10,13,69253
9,12,10,13,71545
10,13,10,13,21590
9,10,9,12,29100
10,12,9,12,52182
9,12,9,12,49384
9,11,9,12,82122
10,12,10,13,31748
9,12,10,14,82187
9,11,12,12,6971
9,12,9,12,35911
9,12,10,12,75705
10,13,9,13,61046
9,11,10,12,70059
9,11,11,13,85018
9,11,10,13,41876
10,14,11,14,27544
10,13,10,12,48683
9,13,10,13,76914
9,11,10,10,83387
10,12,10,12,72991
10,13,11,13,63518
10,13,9,12,22730
16,7,15,9,84296
10,13,9,13,50390
9,12,10,12,40991
11,13,10,13,75993
9,12,9,12,71273
10,13,9,12,56401
9,11,9,13,5343
10,13,10,13,70857
9,12,9,12,24642
9,11,9,11,10609
10,14,10,13,63003
8,10,9,12,65415
10,14,10,13,52720
9,12,10,12,70004
9,11,10,12,5636
8,10,9,11,44717
8,10,8,10,25385
9,12,9,11,50446
10,14,9,13,45346
9,11,9,12,65653
11,12,13,13,17767
11,13,10,13,61857
10,12,9,12,49399
16,7,14,15,72322
10,13,10,14,64055
10,12,9,11,31043
11,12,12,9,3585
10,13,10,12,29415
10,13,10,13,28203
9,12,11,13,23878
10,12,10,13,71358
10,13,10,12,24812
10,13,10,15,33526
9,11,11,14,77887
9,12,9,13,48893
10,12,13,13,60770
9,11,9,11,58499
9,10,10,12,53351
9,12,9,11,86051
10,13,9,11,63935
9,11,9,11,53141
10,12,10,13,37237
10,13,10,13,45225
11,13,9,10,69945
9,12,9,12,64313
9,13,9,11,67296
8,11,10,12,29016
11,13,10,13,61179
9,11,8,6,6910
16,7,9,10,49319
10,13,11,14,43344
10,15,11,11,15371
9,11,9,11,49806
10,12,10,12,56040
9,12,9,12,76722
9,11,9,11,79453
11,13,9,12,52181
10,12,10,13,71276
16,7,15,9,58164
9,13,11,13,47637
13,13,9,12,80076
9,11,9,11,85635
9,8,10,11,2420
9,12,10,14,36057
9,11,9,12,5425
10,13,10,13,24609
9,12,9,12,61560
9,12,9,12,35573
10,12,10,13,48257
10,13,13,13,60993
10,13,9,13,44824
9,12,9,12,77981
9,11,9,11,73904
10,12,9,12,73614
10,12,9,11,40357
9,12,10,12,39581
9,11,10,7,3524
10,12,10,13,45672
9,11,10,12,79163
9,13,10,13,68347
9,11,10,12,44018
9,12,9,13,70103
8,10,10,12,77311
10,13,10,12,55132
11,13,10,13,55374
10,12,10,13,58840
9,12,10,13,35251
8,10,10,13,6159
16,7,12,8,38378
10,13,10,14,39685
10,13,10,13,54140
9,12,9,12,45921
9,12,9,12,59881
10,13,10,12,38139
9,12,9,12,71026
10,13,10,12,55975
11,15,11,15,36713
9,11,9,11,41465
10,12,9,12,60781
9,11,9,12,57565
16,7,9,12,63652
9,12,9,12,61013
8,10,9,12,34470
10,12,10,12,74805
10,13,9,12,41043
10,13,8,10,11029
10,13,9,13,60406
10,13,10,13,43752
10,13,10,13,57258
10,12,8,10,24252
11,14,10,15,58941
9,12,9,12,65183
10,13,9,11,29826
9,13,10,13,65229
10,13,11,13,54389
10,12,10,13,79939
10,13,10,13,78518
10,13,9,11,121
10,12,12,12,5955
10,12,9,12,63453
10,14,12,15,47023
11,14,10,14,75020
8,10,9,12,82359
10,13,10,13,34805
9,12,10,13,52727
16,7,10,14,58590
11,13,9,11,58373
8,10,12,10,67371
9,12,9,11,77333
9,13,10,13,66728
10,12,11,11,61686
13,13,9,12,43162
9,11,9,12,32091
16,7,9,11,83853
10,12,10,13,59419
16,7,11,13,35466
11,13,9,13,54504
10,13,9,11,71810
8,10,9,10,51507
9,12,13,13,31652
10,13,10,13,61997
9,11,10,12,65987
8,10,10,12,61934
10,13,9,12,35777
9,11,10,13,9001
10,13,10,12,27086
9,11,10,12,9208
9,11,10,12,48455
10,13,8,10,35340
10,14,9,13,58591
9,12,9,10,55090
9,13,9,12,73160
9,12,10,13,62417
9,12,10,11,44087
9,10,9,11,1497
10,13,9,11,62925
8,11,9,11,81758
10,12,11,13,69923
9,13,11,13,74894
10,13,11,13,27577
10,13,9,12,27399
10,12,9,12,52989
10,12,10,12,31378
9,11,12,10,30159
13,13,14,11,77714
9,10,9,10,36766
10,11,10,12,40252
10,12,10,13,50277
9,11,10,13,44636
9,11,9,12,51718
8,10,9,11,46799
9,12,9,10,61382
10,13,9,13,61708
10,12,11,13,53827
13,13,10,13,64005
10,11,10,13,53621
9,11,8,10,42702
10,13,16,7,57277
10,13,9,13,80102
16,7,9,12,62679
10,12,11,14,38389
13,12,12,6,54790
16,7,9,11,54643
9,12,9,10,44744
10,12,9,12,11505
9,12,10,12,25303
10,14,13,13,61957
16,7,11,14,42924
10,13,9,11,33400
10,13,10,13,79262
16,7,15,10,2682
9,12,10,12,35672
10,13,10,13,48925
10,12,10,13,68825
8,10,10,11,23027
10,13,10,13,25743
10,12,9,11,35811
9,11,9,11,53128
10,12,11,13,61626
9,12,9,12,31484
11,12,11,12,49969
9,12,10,13,81894
10,13,11,13,54820
9,13,9,13,43500
10,14,10,14,55334
9,12,9,8,51630
10,12,10,13,40217
8,10,9,12,43616
9,12,9,11,50580
10,13,9,13,68410
10,13,10,13,59847
9,12,9,11,80103
9,10,8,10,14735
9,12,9,13,46922
8,10,10,9,73459
9,12,9,10,51349
10,13,10,13,60406
10,11,9,12,65838
10,12,10,13,68410
9,11,8,10,3914
9,10,9,11,56049
13,12,12,12,7430
9,13,10,13,63779
10,13,10,12,78959
9,12,9,13,80547
10,13,9,12,33368
9,11,9,11,77140
11,14,10,13,67140
9,12,9,11,73149
12,12,10,12,31584
9,13,10,14,50993
9,11,8,10,59060
9,12,9,12,55889
9,12,10,12,85270
10,15,10,15,61695
10,13,10,13,24918
10,12,11,12,7961
10,12,10,12,78594
9,12,9,11,77093
11,13,9,10,50514
10,12,9,10,79731
9,12,9,12,72184
10,12,10,13,36460
9,11,10,12,2335
9,11,9,11,48329
10,13,10,13,56626
10,15,8,11,52106
9,11,9,12,50787
9,10,9,11,67028
9,12,10,13,34971
10,13,9,12,65461
10,13,10,12,31769
10,14,16,7,55653
9,12,9,12,42554
11,13,11,13,41345
10,13,10,13,70343
10,14,13,13,43200
9,11,9,12,75533
9,11,9,11,40580
10,13,10,13,37686
9,12,9,9,81374
10,13,10,13,53275
10,14,10,14,60579
9,13,10,13,60211
13,13,11,7,29365
10,13,10,13,69174
9,12,9,12,49359
9,11,10,12,61914
10,11,9,12,5620
9,13,10,12,31785
10,13,10,13,55862
9,11,9,12,81210
9,10,9,11,13222
9,12,9,10,51870
9,12,9,12,73565
13,13,9,12,74775
10,13,11,13,59069
10,12,10,12,50426
10,13,11,9,18743
9,11,3,9,49009
16,7,16,9,1830
9,11,10,11,53774
13,12,13,12,52874
11,13,10,13,44699
10,14,11,13,59923
10,11,10,12,36941
9,12,9,12,44213
9,13,10,13,76912
16,7,16,9,83492
16,7,12,13,58606
10,13,10,7,48388
10,13,10,13,52263
10,14,10,14,66325
10,12,10,12,57230
16,7,10,12,63248
10,11,9,12,35627
10,13,10,13,53592
10,12,10,12,49137
10,13,11,14,62298
10,11,9,10,76522
10,12,11,12,52796
10,13,10,13,84834
10,13,10,12,61843
10,13,10,13,39285
10,13,10,12,64437
10,12,10,11,67440
10,13,10,13,70385
16,7,10,12,71996
10,13,10,13,28758
10,13,11,13,29269
9,10,10,9,57529
9,11,16,7,19612
10,14,9,13,75094
16,7,15,10,69337
9,11,9,12,602
9,12,9,9,73684
10,13,10,13,36372
13,13,12,13,82094
10,13,11,12,84192
9,11,9,12,56907
9,12,10,12,54638
13,13,9,5,36491
10,14,10,12,34442
16,7,9,12,78080
10,13,10,13,62238
9,11,9,11,4365
9,11,10,12,54353
10,14,10,13,69873
9,12,9,11,51557
9,12,10,12,77799
9,12,10,11,56845
9,11,9,10,68274
16,7,11,17,75511
9,13,10,13,45603
11,14,8,10,20700
10,12,10,13,33254
9,12,10,13,71885
9,12,9,12,59953
9,12,9,12,32111
10,12,10,12,29909
12,18,13,16,71727
9,12,10,12,26469
9,12,9,12,20818
10,13,11,13,58162
9,12,16,7,27055
10,12,10,13,2126
10,12,10,13,57382
11,13,10,12,26118
10,13,9,12,53551
10,15,9,13,69595
16,7,11,12,10085
9,11,11,14,51219
9,10,9,11,14445
9,11,10,13,75249
16,7,9,8,85478
9,11,9,11,64960
10,13,11,13,53646
10,12,10,11,62942
9,12,10,12,28818
8,10,11,11,79670
10,13,10,11,57066
10,13,10,13,40366
10,12,10,12,53963
9,11,10,13,7440
9,11,10,10,70728
10,13,10,13,43801
10,13,11,13,34995
9,12,9,11,59599
13,12,10,15,63082
9,11,11,13,45894
10,12,10,12,64091
9,12,8,10,46811
8,10,10,12,62512
9,12,11,16,73997
10,12,9,11,43404
10,11,10,12,5170
10,14,11,13,74855
8,10,9,11,40820
9,12,16,7,53050
9,11,9,11,66956
13,13,9,10,683
16,7,11,17,54367
11,13,10,13,58993
10,13,9,13,58128
10,12,10,11,49542
10,13,11,13,49784
9,12,13,13,10883
10,13,9,12,58886
10,12,10,12,55870
9,10,9,10,83265
10,12,9,12,38567
10,13,10,13,64149
9,12,9,11,62520
10,13,9,13,29420
10,13,10,13,58179
9,11,11,13,77076
9,12,9,13,51070
10,13,12,12,76567
9,12,9,13,76324
11,13,9,13,50129
10,13,10,14,39656
9,12,9,12,46526
9,10,9,12,15056
11,13,8,11,36791
10,12,13,13,72771
11,13,10,13,39248
9,13,9,13,57839
10,14,11,14,37901
11,13,11,13,85831
10,12,10,13,44164
10,13,10,13,52311
10,13,9,12,47978
9,11,9,11,82132
10,12,10,13,46103
9,12,10,12,69278
16,7,14,11,82413
10,12,10,12,64316
9,12,13,13,61543
8,10,9,12,60109
10,12,10,11,62231
9,12,14,11,905
9,11,10,12,40969
16,7,9,11,49850
9,13,10,13,82801
10,13,10,13,66374
10,13,10,12,53864
9,11,9,12,65968
10,13,9,12,64641
10,12,9,13,83205
10,12,9,11,55379
10,13,9,12,81425
10,12,9,12,58997
9,12,10,12,31415
9,12,9,10,65093
10,13,10,13,36491
10,12,9,12,63442
9,12,9,12,64247
9,12,10,13,38817
10,13,10,13,53347
9,12,10,13,78829
10,13,10,13,40472
10,13,9,13,34338
10,13,10,13,43402
10,13,10,13,58508
9,12,10,12,39955
10,12,9,12,44315
10,13,10,15,72712
9,12,10,13,83383
9,11,10,12,65826
9,12,11,13,10544
9,12,10,12,74527
10,12,10,13,51918
9,12,9,12,5781
9,12,10,13,43524
10,13,10,13,82104
10,14,11,14,85084
9,12,9,12,75564
13,13,9,11,54635
10,12,10,13,68893
9,13,9,12,32332
10,13,10,13,38946
9,13,9,12,68392
11,14,9,12,68058
10,12,9,11,50400
9,11,10,13,80646
10,13,9,11,67210
9,11,10,12,76369
10,12,11,13,53117
9,12,9,12,69726
13,13,9,8,57861
9,12,10,13,67977
9,11,8,10,6543
10,11,10,14,55561
9,12,9,12,49588
9,11,9,12,77937
10,11,11,13,35675
16,7,10,13,22427
10,13,11,13,82206
9,11,10,12,30753
9,12,9,12,8538
16,7,14,11,37717
10,13,10,14,63434
9,11,10,12,68312
9,13,10,13,38096
11,13,10,13,66570
10,12,9,11,65979
9,12,9,12,59415
8,10,9,11,65307
10,12,10,13,6602
10,14,10,13,46276
10,13,10,14,83789
10,12,10,12,37179
9,12,10,13,82113
10,13,9,13,43952
10,12,9,12,34873
9,11,9,12,7247
9,13,9,12,33976
9,12,9,12,31067
11,14,10,13,54144
9,13,10,12,56321
10,13,10,14,35106
8,10,9,8,5435
10,13,10,12,60637
9,13,10,13,33747
17,8,15,9,34039
8,10,8,10,61437
16,7,10,11,53555
9,11,11,8,6104
9,11,11,13,72962
9,12,12,18,76552
9,12,10,12,3283
9,12,10,14,66714
10,13,10,13,48361
9,11,10,12,42242
9,12,9,12,7974
9,12,10,12,81100
10,12,9,11,43125
13,13,11,14,82945
13,13,9,10,68341
9,12,9,12,79904
10,13,10,14,52445
10,13,10,12,41615
12,12,10,12,32376
9,11,9,11,64222
9,11,10,11,67293
10,13,11,14,28988
9,12,9,11,57768
9,13,10,13,33735
10,12,8,10,37269
16,7,16,7,29083
10,13,10,13,34639
9,10,9,11,46449
9,11,9,12,404
9,12,9,13,34432
10,13,10,13,52612
10,12,10,13,34950
8,11,9,11,61728
10,13,11,12,66448
9,11,10,12,55774
9,11,9,12,53681
9,12,8,11,66453
10,13,11,15,24514
9,11,9,9,6960
9,10,9,10,3672
10,13,11,13,67280
10,13,12,12,77215
10,13,10,13,73880
16,7,10,10,83866
11,13,10,13,46454
10,13,10,12,41560
9,12,9,10,61333
9,12,9,13,85336
9,11,10,13,53474
10,12,10,13,3242
10,12,9,11,69349
10,12,8,9,77201
9,12,12,10,10471
16,7,13,12,41345
9,11,9,11,50173
10,13,10,14,26599
10,15,9,13,20353
10,13,10,13,69400
9,11,10,11,76786
9,12,8,11,63269
10,13,10,13,79847
10,13,10,12,38976
16,7,9,12,41966
9,11,9,12,34143
9,12,9,12,63015
10,13,10,14,39988
10,13,10,12,34908
9,13,10,13,42675
10,13,11,11,66128
9,11,10,11,57510
10,13,11,12,50475
9,10,9,10,4770
9,12,13,12,10192
8,10,10,9,73926
9,12,8,10,24557
9,11,11,13,54239
11,13,10,13,50696
13,13,12,18,64396
9,12,9,12,40446
13,13,9,9,65923
10,12,9,11,45558
10,13,11,13,74158
9,12,10,13,35178
10,13,10,13,78657
10,12,10,13,77903
10,12,10,13,48055
10,13,10,12,70010
9,11,10,7,8377
10,12,11,13,56068
9,12,9,12,58029
9,12,11,13,6069
10,12,10,12,18718
16,7,16,9,69557
10,12,9,12,65769
11,13,10,12,25993
10,13,11,14,60435
10,12,9,12,50571
9,11,10,15,52306
10,12,9,13,76207
11,14,9,13,46732
10,13,10,13,45478
10,12,10,12,58298
13,12,10,12,53116
10,13,9,13,65838
9,11,10,12,60137
16,7,9,11,85313
9,13,3,9,29140
9,12,19,12,59208
9,12,9,11,70599
9,13,9,12,80142
16,7,9,10,62765
8,10,9,11,44926
10,13,9,12,56493
9,12,9,10,42491
9,11,10,9,6739
9,12,9,13,50803
9,12,9,12,73715
9,13,10,12,28461
13,13,11,11,51761
10,12,10,13,73536
10,13,10,4,71438
9,11,10,12,62722
13,13,10,13,53077
11,12,10,13,25438
9,13,10,13,31737
9,13,10,13,45281
9,12,10,12,60003
10,12,9,13,70927
8,10,9,10,51909
16,7,9,12,56928
13,12,10,9,60658
10,14,8,11,52991
10,12,10,12,73791
9,11,9,12,77512
9,12,8,10,37085
10,13,9,11,42560
9,12,8,10,85718
10,13,10,12,47694
9,12,9,11,11801
9,13,10,14,81488
9,10,10,12,12750
10,14,10,15,30689
11,13,9,11,25366
10,12,10,12,36220
9,12,9,13,78983
10,13,10,12,29248
10,14,10,13,46784
10,13,10,13,65634
9,12,9,12,5710
10,13,9,12,70764
13,13,10,12,36765
10,13,9,12,65490
9,13,10,12,63238
9,12,9,13,85802
10,13,11,13,59630
9,13,9,13,72886
10,12,10,12,54396
10,12,10,13,74892
9,12,9,12,13797
9,12,9,11,67323
16,7,13,13,48617
10,13,10,12,35752
10,13,10,13,69873
9,12,10,13,78104
9,12,11,14,81892
9,12,10,13,55968
9,11,9,11,48799
16,7,9,12,54263
10,11,10,13,29326
9,12,9,11,43556
10,13,10,13,53902
16,7,10,13,82178
9,12,11,13,54637
9,11,10,13,67230
9,12,9,13,86033
9,11,10,13,48981
10,15,11,14,47592
10,12,9,11,69948
9,11,10,10,23926
9,12,9,12,43997
9,12,11,13,2160
10,13,10,13,67789
9,12,11,8,74997
10,15,11,11,15371
10,13,10,13,11840
10,13,10,13,45056
10,13,10,12,62826
10,13,10,12,25687
9,12,10,13,67505
10,13,10,12,59051
9,12,10,12,78978
10,12,10,12,64624
9,13,11,15,43126
10,12,9,12,1053
9,12,9,11,38961
9,11,10,12,6781
9,12,9,11,44685
9,13,10,13,34873
13,12,9,12,40862
10,12,9,11,66400
11,14,11,14,62402
10,13,11,14,50827
12,9,12,8,62400
9,12,10,12,10000
10,13,11,13,47687
9,13,9,13,57014
9,11,9,11,75730
10,13,10,13,83689
9,13,10,13,66916
9,11,10,13,44657
11,14,10,13,68402
10,12,10,12,66030
10,12,9,12,39580
13,11,12,12,53437
9,11,9,12,83140
10,12,10,12,20454
10,12,9,11,75156
9,12,10,13,33275
9,12,9,13,68882
10,13,9,12,28521
9,11,9,11,60990
9,12,9,11,51515
13,13,9,12,49475
9,11,9,11,48717
9,13,10,13,30676
10,13,10,13,66364
9,11,11,13,43785
8,10,13,13,47359
9,12,9,12,58722
16,7,9,13,56275
12,13,10,13,83877
10,12,9,11,70943
8,10,10,12,61481
9,12,10,13,40543
10,13,11,13,44531
10,12,10,13,54470
10,13,9,11,75367
10,13,11,13,81594
16,7,10,12,27603
10,13,10,13,58320
11,13,11,13,72910
10,11,10,12,8844
10,14,10,13,39852
9,12,9,11,54395
10,13,11,13,40096
9,12,9,12,52591
9,12,9,12,67072
16,7,10,13,54034
16,7,10,13,37193
9,10,9,11,61719
10,11,13,17,9158
10,12,10,12,64855
9,11,10,12,1881
11,14,15,9,31701
10,12,10,12,32763
9,12,10,12,60709
16,7,11,11,27243
9,12,9,12,64186
9,13,10,13,41751
9,12,9,11,57908
9,10,9,10,71223
10,13,9,12,42570
10,13,12,12,6037
11,13,10,13,54985
11,13,10,13,61163
16,7,9,12,51384
10,13,10,12,48853
8,10,10,12,38757
13,13,10,13,67773
9,11,9,11,77591
9,12,9,12,56170
10,13,10,12,63831
10,13,9,9,66918
9,11,9,13,51812
9,11,9,11,64195
9,10,8,11,66903
9,12,10,12,43720
9,12,9,12,56811
10,12,9,11,35511
9,12,9,12,40043
10,13,9,11,44106
10,13,9,11,44004
10,12,9,12,51463
8,11,9,11,48523
9,12,10,14,63250
10,13,10,13,62981
11,13,10,13,76411
16,7,9,11,81462
10,13,10,14,52259
9,12,10,12,44803
13,13,12,9,71062
10,13,10,12,51239
9,11,10,13,75098
9,12,9,11,61204
10,13,9,11,64663
10,13,10,13,24639
10,14,10,13,30329
10,11,10,13,35982
10,13,10,13,38430
10,13,10,13,48759
9,11,10,12,67206
9,13,10,13,31139
9,10,10,11,66689
16,7,10,12,47700
10,13,10,13,44958
10,12,10,12,80901
9,12,9,11,77296
16,7,15,9,60353
9,12,9,12,81205
9,11,10,13,84187
9,12,9,12,49651
10,12,10,13,79585
10,13,10,13,33434
9,12,10,13,79496
9,11,9,10,36321
10,12,10,12,48916
9,11,9,11,78267
9,12,9,12,43244
9,12,10,13,12472
11,14,9,12,61211
16,7,10,12,71654
10,13,10,12,80510
9,12,11,13,66583
9,13,10,13,34950
9,13,9,13,67925
10,12,9,11,36732
11,13,10,14,5265
10,13,11,14,73989
16,7,15,9,77977
10,12,16,7,48340
10,13,13,13,16992
9,11,10,10,4748
9,11,11,13,80085
10,12,9,11,60629
8,10,8,10,28831
10,13,10,13,74677
9,11,11,8,81743
10,13,10,13,75107
10,12,10,13,1914
13,13,9,12,79523
10,11,9,11,32390
10,14,10,13,49729
9,12,10,11,59903
10,12,9,12,38931
9,11,9,11,59249
9,11,9,11,82913
16,7,9,12,74708
10,13,10,13,66067
10,12,11,13,65837
10,13,9,13,79564
11,13,10,13,42390
9,12,9,13,17595
9,11,9,12,1257
10,11,9,11,83079
9,11,16,7,14704
16,7,16,13,46627
9,11,10,13,83090
9,11,10,8,45045
10,13,9,12,46228
9,11,10,10,2688
11,13,11,13,54813
10,12,9,13,64759
10,14,10,14,75299
10,13,10,12,50620
10,14,10,13,21215
10,13,9,12,45094
10,12,10,13,67039
13,13,9,12,48140
9,12,9,12,64658
9,11,9,11,39716
9,12,9,11,39552
9,12,9,11,12229
10,12,10,13,69227
10,11,9,11,83251
10,13,10,12,34158
9,13,10,14,84437
13,13,10,12,30421
9,11,9,11,47163
11,13,10,12,28262
9,13,10,13,56313
10,13,9,13,47053
10,11,9,12,14835
10,13,10,13,70284
10,13,10,12,81837
9,12,9,11,35146
9,11,8,10,53929
10,12,10,13,35948
11,13,8,10,66105
10,12,9,11,46787
9,11,9,11,44805
13,13,10,12,70
9,11,10,13,44655
9,10,9,11,55306
10,12,10,12,37727
9,12,9,13,9380
10,13,10,13,70101
9,12,10,8,77346
11,13,10,14,8064
9,11,10,12,42364
10,13,11,14,69331
8,10,9,12,36648
9,11,9,9,57199
10,13,10,13,34999
9,12,10,12,29700
9,12,10,12,30933
10,13,10,13,78076
10,12,9,12,52521
9,13,13,13,42837
9,10,11,13,82806
9,12,10,13,78975
9,11,10,12,2069
13,13,12,12,61807
10,14,10,13,59715
10,13,9,12,75425
9,12,9,12,62863
10,12,9,12,45814
9,11,9,10,15960
16,7,10,10,4477
10,14,11,14,74938
8,10,9,11,42985
9,11,9,11,52484
9,12,10,8,85854
10,12,9,12,65758
10,13,8,11,61196
13,12,9,12,80662
9,12,11,14,48626
9,13,10,12,41696
9,12,9,12,56466
9,12,10,13,57494
10,13,10,14,56861
9,12,10,13,78224
8,10,9,12,40120
11,13,11,14,64674
9,11,8,11,49667
9,13,10,12,13469
10,13,9,12,67615
9,11,9,11,62831
10,13,9,10,71117
10,13,9,13,35768
10,13,10,13,56213
9,12,10,12,25664
9,13,9,12,65216
16,10,9,9,48117
9,12,9,10,28378
9,12,13,13,19660
10,14,9,12,75937
9,11,9,11,6990
9,11,10,13,30349
8,10,9,10,83903
9,12,11,13,83884
10,13,9,12,40564
9,13,9,13,60311
10,12,9,12,31727
9,12,9,12,42286
10,12,10,13,33792
10,12,9,11,37371
10,13,10,12,56089
10,12,10,12,47264
9,12,10,12,7913
16,7,16,10,49097
9,10,9,11,34254
9,11,9,11,67096
10,12,9,9,71093
10,14,10,14,53950
10,12,10,12,47632
16,7,11,12,86027
10,12,9,12,50720
9,11,9,11,66529
10,13,10,13,48629
10,13,9,12,49974
10,12,9,10,54204
10,13,10,13,26075
9,12,9,12,65322
10,13,10,14,56067
16,7,16,11,4314
10,13,10,12,27410
10,13,9,13,68055
9,13,9,13,53322
9,12,8,10,54109
9,11,10,13,47396
9,12,9,12,80863
11,13,11,13,52237
10,12,10,12,61595
9,11,10,12,53648
9,12,11,13,53467
10,13,11,14,34002
10,12,9,12,33977
10,11,9,12,54670
10,13,9,11,38261
10,12,9,12,63664
10,12,9,11,81500
16,7,10,9,73842
10,13,9,13,78754
9,12,9,12,62836
10,13,10,12,51621
9,11,9,11,81583
9,12,10,15,64385
9,12,8,10,64090
9,12,10,11,76395
9,12,10,11,66585
9,12,10,13,70063
10,14,10,15,39461
9,12,9,11,76322
10,12,9,11,68510
10,13,10,13,24185
10,12,9,13,60519
9,12,12,12,84183
10,12,10,13,37981
9,11,9,11,60408
10,12,9,11,67928
9,12,10,13,48751
11,13,10,13,25686
9,12,10,12,64050
9,11,9,10,55509
16,9,9,12,48365
11,14,9,13,67306
9,12,9,11,53870
13,12,9,11,36471
10,13,10,14,59530
10,13,10,12,31925
10,12,9,11,41498
9,12,10,13,78358
10,13,9,13,72061
10,13,10,13,43275
9,11,9,12,74616
11,11,14,11,20623
11,15,11,15,80607
10,13,10,13,84347
10,13,9,12,69882
11,14,11,14,61040
9,12,8,10,47309
10,13,11,13,60503
10,12,10,14,27119
11,13,11,14,28908
9,11,10,12,49081
10,13,10,13,60649
9,13,9,12,58710
9,13,10,15,60961
10,13,10,14,62180
9,12,9,12,26419
16,7,9,9,82461
9,11,9,11,2358
9,11,16,7,41214
10,12,10,12,52053
10,12,10,13,71203
10,13,10,13,52265
10,12,10,13,73814
9,11,11,13,2772
9,11,9,12,66975
9,11,9,12,65612
9,11,9,12,63803
10,12,9,12,61212
9,11,9,11,38048
9,12,9,12,61867
9,12,10,13,36177
10,11,9,11,25033
10,12,10,12,35681
16,10,14,11,64247
10,13,9,12,68179
10,12,10,12,61606
10,13,10,12,35584
9,12,9,12,80162
10,13,9,10,47062
9,11,10,13,3095
9,11,10,13,3827
9,11,9,11,5181
9,13,10,13,64906
11,11,9,12,60348
9,12,9,12,34573
9,12,10,12,42246
9,11,9,10,946
9,11,10,13,8942
10,12,10,12,62649
10,13,10,13,74337
10,12,10,13,48387
8,11,10,13,44495
10,13,11,13,69497
9,11,9,11,4265
10,13,9,12,49661
10,12,10,13,76527
10,12,10,11,57447
9,10,9,10,52194
13,13,9,13,82900
10,13,10,15,49306
9,12,9,10,47763
8,11,9,12,6981
13,13,11,13,56942
9,11,9,12,79474
8,11,8,11,80967
13,13,10,13,76821
9,12,10,12,49312
10,13,10,13,34667
9,11,9,12,66374
11,13,10,13,59901
9,11,9,11,83877
9,11,9,12,31749
11,13,10,13,32048
10,13,10,13,80773
11,13,10,13,43074
10,12,9,12,43207
10,14,10,13,71714
8,10,9,11,78518
9,12,8,10,59881
9,12,10,12,38886
10,13,10,13,66312
9,11,10,12,65657
9,11,9,12,63868
16,7,8,10,60824
11,13,11,14,27320
10,12,9,12,60246
10,13,9,11,59721
10,13,10,12,81629
9,12,9,12,11347
11,13,10,13,34373
10,13,10,12,52859
10,13,10,12,83780
9,11,10,11,28752
10,12,10,12,81806
10,13,9,12,46730
9,12,10,13,63527
10,12,9,13,80560
16,10,10,13,76330
9,11,9,12,73955
9,12,10,12,76738
10,13,10,13,45411
10,12,10,13,66776
11,13,10,15,27349
10,13,11,13,30345
9,13,9,12,2990
10,13,9,12,45672
10,13,10,13,70326
10,13,10,13,39003
9,11,11,13,77556
10,13,10,13,70351
10,13,10,13,31545
9,12,9,12,72971
9,12,12,12,81700
10,14,10,14,67969
10,13,14,11,62899
9,11,11,13,83208
16,7,11,10,82697
9,11,9,12,28653
16,7,10,12,36124
10,12,10,12,72730
10,12,8,10,80535
11,14,11,14,7680
8,11,9,12,7912
10,13,10,13,56659
9,12,9,12,56136
9,12,15,9,75946
9,11,10,12,4954
10,15,11,15,53168
11,13,11,13,35590
9,12,9,11,66399
9,11,9,10,80682
9,11,10,12,85905
10,13,10,13,59039
10,12,10,13,42730
11,14,10,13,63266
11,14,9,13,86225
11,14,11,14,11531
10,11,9,13,57368
10,12,9,12,54429
9,10,9,9,85080
10,12,10,13,63816
9,11,9,11,37948
13,13,9,12,85581
10,12,9,11,41727
9,10,9,11,5613
10,13,10,13,41867
10,14,10,13,50232
13,13,12,17,38174
10,13,10,13,79337
9,11,8,10,27309
9,11,9,11,54897
10,13,9,11,45236
16,7,14,11,68401
10,12,10,14,61096
10,13,11,13,75425
10,13,10,13,59133
10,13,10,15,44949
9,12,9,12,39483
11,15,13,17,18198
10,13,9,11,65742
13,12,10,7,85981
10,13,11,13,75334
9,12,9,12,31725
9,12,9,12,72087
9,11,10,12,34946
10,12,10,13,44650
10,12,3,9,54763
9,13,9,13,56125
11,13,10,13,33721
10,14,9,11,55693
10,13,10,13,45584
10,13,10,13,62358
16,7,11,9,34042
10,13,10,13,30796
16,10,14,11,37559
9,12,10,14,79121
9,12,9,12,27543
9,12,13,13,25026
10,13,10,13,66519
11,14,10,12,26084
9,12,10,12,30949
10,12,10,12,68760
9,13,11,13,54761
10,11,10,12,65780
9,10,9,13,74369
10,12,10,12,57890
11,13,10,13,46966
8,10,10,13,62088
10,12,10,13,8742
10,12,10,13,50218
11,13,12,14,24823
16,7,14,11,54886
9,12,10,11,17437
10,13,10,13,60143
